county_nce,county_name,uat_name,uat_siruta,report_version,report_stage_code,report_type_scope_code,report_type_category_code,report_type_code,created_at,a,a1,a2,a3,a4,b,b1,b2,b3,b4,c,d,e,f,"CURCEAN ALEXANDRU-BAZIL-PARTIDUL NAȚIONAL LIBERAL-voturi","BOIAN IONEL-PARTIDUL MIȘCAREA POPULARĂ-voturi","LĂPĂDAT VALER-NICOLAE-PARTIDUL SOCIAL DEMOCRAT-voturi","ANTAL ADRIAN-GHEORGHE-PARTIDUL MIȘCAREA POPULARĂ-voturi","BUCŞĂ IOAN-ADRIAN-PARTIDUL NAȚIONAL LIBERAL-voturi","BUCŞĂ IOAN-PARTIDUL SOCIAL DEMOCRAT-voturi","BUCŞĂ ARON-ALIANȚA USR PLUS-voturi","BOZAN NICOLAE-FLORIN-PARTIDUL NAȚIONAL LIBERAL-voturi","OLTEAN DUMITRU-IULIAN-PARTIDUL NEAMUL ROMÂNESC-voturi","NICOARĂ IOAN-PARTIDUL VERDE-voturi","BARBU IOAN-FLORIN-voturi","VĂCARIU CONSTANTIN-AURELIAN-PARTIDUL NAȚIONAL LIBERAL-voturi","VASU VASILE-IOAN-PARTIDUL SOCIAL DEMOCRAT-voturi","HALMAGHE VIOREL-PARTIDUL MIȘCAREA POPULARĂ-voturi","PAMP NICOLAE-PARTIDUL VERDE-voturi","ALDEA IOAN-OVIDIU-PARTIDUL NAȚIONAL LIBERAL-voturi","KOVÁCS OVIDIU-IOSIF-PARTIDUL SOCIAL DEMOCRAT-voturi","RACOŢI MARIA-OTILIA-PARTIDUL PRO ROMÂNIA-voturi","PELGER KARL-HEINZ-ALIANȚA USR PLUS-voturi","BUCŞĂ ROMULUS-voturi","GRECU MARIUS-PARTIDUL NAȚIONAL LIBERAL-voturi","OLTEAN PRECUP-PARTIDUL SOCIAL DEMOCRAT-voturi","ŞULUMBERCHEAN ŞTEFAN-PARTIDUL NAȚIONAL LIBERAL-voturi","SUCIU NICULIŢĂ-ŞTEFAN-PARTIDUL SOCIAL DEMOCRAT-voturi","ZLĂTAR-TOMA FABIU-PARTIDUL MIȘCAREA POPULARĂ-voturi","ŞERBAN SANDA-ALIANȚA USR PLUS-voturi","SCUMPU LUCIAN-GLIGOR-PARTIDUL NAȚIONAL LIBERAL-voturi","CHELZA GHEORGHE-PAUL-PARTIDUL SOCIAL DEMOCRAT-voturi","LICA GHEORGHE-PARTIDUL MIȘCAREA POPULARĂ-voturi","CĂTANĂ MIHAI-PARTIDUL PRO ROMÂNIA-voturi","ANTONE MARIAN-GHEORGHE-PARTIDUL SOCIAL DEMOCRAT-voturi","DRAGOMIR MIRCEA-MIHAI-PARTIDUL NAȚIONAL LIBERAL-voturi","NEGRU ILARION-ALIANȚA USR PLUS-voturi","MĂRGINEAN MARIUS-PARTIDUL NAȚIONAL LIBERAL-voturi","VANDOR MIHAI-NICOLAE-PARTIDUL MIȘCAREA POPULARĂ-voturi","ROMAN ALINA-PARTIDUL SOCIAL DEMOCRAT-voturi","VANDOR NICOLAE-PARTIDUL NAȚIONAL ȚĂRĂNESC CREȘTIN DEMOCRAT-voturi","COCOŞ NICOLAE-PARTIDUL NAȚIONAL LIBERAL-voturi","ISTRATE IOAN-ALIANȚA USR PLUS-voturi","LEU ILIE-voturi","ALBU-ŞCHIOPĂTĂ NICOLETA-DANIELA-voturi","DOBRE AUREL-PARTIDUL SOCIAL DEMOCRAT-voturi","MODOI LIVIU-PARTIDUL NAȚIONAL LIBERAL-voturi","BRUMAR DAN-PARTIDUL MIȘCAREA POPULARĂ-voturi","VÎLCEA ION-CONSTANTIN-PARTIDUL MIȘCAREA POPULARĂ-voturi","MARIAN ELENA-PARTIDUL NAȚIONAL LIBERAL-voturi","POPA TEODOR-SORIN-PARTIDUL SOCIAL DEMOCRAT-voturi","BĂLAN CONSTANTIN-ALIANȚA USR PLUS-voturi","NIMEREALĂ IULIAN-IOAN-PARTIDUL MIȘCAREA POPULARĂ-voturi","GHERGHEL EMIL-PARTIDUL NAȚIONAL LIBERAL-voturi","GHERGHEL GRIGORIE-PARTIDUL SOCIAL DEMOCRAT-voturi","RÎŞNOVEANU MARIUS-PARTIDUL VERDE-voturi","CÂNDULEŢIU DANIEL-PARTIDUL NAȚIONAL LIBERAL-voturi","MAGHERU CRISTIN-PARTIDUL SOCIAL DEMOCRAT-voturi","MAGDA DORIN-PARTIDUL NAȚIONAL LIBERAL-voturi","CÎRŢAN VASILICĂ-SORIN-PARTIDUL SOCIAL DEMOCRAT-voturi","MARDALE ILARION-ALIANȚA USR PLUS-voturi","FELDEOIU EUGEN-PARTIDUL SOCIAL DEMOCRAT-voturi","RADU CĂLIN-IOAN-PARTIDUL NAȚIONAL LIBERAL-voturi","STĂNULEŢ TRANDAFIR-ALIANȚA USR PLUS-voturi","CONŢIU GHEORGHE-NICOLAE-PARTIDUL SOCIAL DEMOCRAT-voturi","SEUCHEA IOAN-PARTIDUL NAȚIONAL LIBERAL-voturi","SCRIPCARU LACRIMA-ELENA-ALIANȚA USR PLUS-voturi","BARBU MARIAN-PARTIDUL SOCIAL DEMOCRAT-voturi","LĂPĂDAT IOAN-PARTIDUL PRO ROMÂNIA-voturi","BRĂTEANU VASILE-AUREL-PARTIDUL MIȘCAREA POPULARĂ-voturi","LUPU IOAN-PARTIDUL NAȚIONAL LIBERAL-voturi","BOILĂ OVIDIU-IULIAN-PARTIDUL ALIANŢA LIBERALILOR ŞI DEMOCRAŢILOR – ALDE-voturi","FETEAN OVIDIU-ALIANȚA USR PLUS-voturi","NONU IONEL-GABRIEL-PARTIDUL OAMENILOR LIBERI-voturi","CĂLIN GHEORGHE-PARTIDUL NAȚIONAL LIBERAL-voturi","ZAV IOAN-TOMA-PARTIDUL VERDE-voturi","DUŢU IOAN-PARTIDUL ECOLOGIST ROMÂN-voturi","BĂLAN MARIN-PARTIDUL NAȚIONAL LIBERAL-voturi","LAZĂR NICOLAE-PARTIDUL SOCIAL DEMOCRAT-voturi","PUICA VASILE-CORNEL-PARTIDUL PRO ROMÂNIA-voturi","BORCEA DĂNUŢ-PARTIDUL PRO ROMÂNIA-voturi","LANGA CONSTANTIN-EMIL-PARTIDUL NAȚIONAL LIBERAL-voturi","IFRIM ION-PARTIDUL MIȘCAREA POPULARĂ-voturi","MACA IOAN-PARTIDUL SOCIAL DEMOCRAT-voturi","DORDEA NICOLAE-PARTIDUL SOCIAL DEMOCRAT-voturi","CUNŢAN GHEORGHE-PARTIDUL MIȘCAREA POPULARĂ-voturi","BESCHIU GHEORGHE-VASILE-PARTIDUL NAȚIONAL LIBERAL-voturi","DRĂGHILĂ GHEORGHE-PARTIDUL ECOLOGIST ROMÂN-voturi","ONEA IOAN-PARTIDUL SOCIAL DEMOCRAT-voturi","BURNETE IOAN-CĂTĂLIN-PARTIDUL NAȚIONAL LIBERAL-voturi","ROTH KRISTIAN- OTTO-PARTIDUL ALIANŢA LIBERALILOR ŞI DEMOCRAŢILOR – ALDE-voturi","CERCEA IOAN-OVIDIU-ALIANȚA PENTRU UNITATEA RROMILOR-voturi","GREAVU MARIA-PARTIDUL SOCIAL DEMOCRAT-voturi","MIU CONSTANTIN-PARTIDUL NAȚIONAL LIBERAL-voturi","GIURGIU GHEORGHE-ALIANȚA USR PLUS-voturi","POPA IOAN-PARTIDUL MIȘCAREA POPULARĂ-voturi","BERGHEZAN ILIE-PARTIDUL NAȚIONAL LIBERAL-voturi","GOTTSCHLING IOSIF-PARTIDUL SOCIAL DEMOCRAT-voturi","DOTCOŞ SEBASTIAN-TOADER-PARTIDUL NAȚIONAL LIBERAL-voturi","CHEŞU IOAN-PARTIDUL SOCIAL DEMOCRAT-voturi","PLEŞU SORIN-GHEORGHE-DAN-BLOCUL UNITĂȚII NAȚIONALE-voturi","ŢERBEA AUREL-IOAN-PARTIDUL SOCIAL DEMOCRAT-voturi","BESOIU RODICA-PARTIDUL NAȚIONAL LIBERAL-voturi","BARB EMANOIL-voturi","POPA SORIN-VASILE-PARTIDUL SOCIAL DEMOCRAT-voturi","RUS DUMITRU-PARTIDUL NAȚIONAL LIBERAL-voturi","MOLDOVAN VASILE-PARTIDUL MIȘCAREA POPULARĂ-voturi","PĂCURAR TIMOTEI-ALIANȚA USR PLUS-voturi","ŞCHIAU IOAN-PARTIDUL SOCIAL DEMOCRAT-voturi","LEB SORIN MARIAN-PARTIDUL NAȚIONAL LIBERAL-voturi","ROBA EUGEN-PARTIDUL SOCIAL DEMOCRAT-voturi","NUŢU DUMITRU-GABRIEL-PARTIDUL NAȚIONAL LIBERAL-voturi","RUS MARIUS-PARTIDUL PRO ROMÂNIA-voturi","DIAC IOAN-ALIANȚA USR PLUS-voturi","CODOI DAN-CORNEL-voturi","OLTEAN VASILE-ALEXANDRU-PARTIDUL MIȘCAREA POPULARĂ-voturi","ROMAN GHEORGHE-PARTIDUL NAȚIONAL LIBERAL-voturi","PETRESCU GEORGE-STELIAN-PARTIDUL ALIANŢA LIBERALILOR ŞI DEMOCRAŢILOR – ALDE-voturi","MACAVEIU MIHAI-ION-PARTIDUL SOCIAL DEMOCRAT-voturi","RUSU IOAN-PARTIDUL NAȚIONAL ȚĂRĂNESC CREȘTIN DEMOCRAT-voturi","CRIŞAN SERGIU-CĂLIN-ALIANȚA USR PLUS-voturi","TOMAŞEVSCHI VLADIMIR-ALEXANDRU-PARTIDUL PRO ROMÂNIA-voturi","HŐHR INGRID-SOFIA-PARTIDUL MIȘCAREA POPULARĂ-voturi","MARIN HORAŢIU-LUCIAN-PARTIDUL ALIANŢA LIBERALILOR ŞI DEMOCRAŢILOR – ALDE-voturi","STANCIU CĂTĂLIN-DORIAN-NICOLAE-PARTIDUL SOCIAL DEMOCRAT-voturi","FODOR ASTRID-CORA-FORUMUL DEMOCRAT AL GERMANILOR DIN ROMÂNIA-voturi","BIBU ADRIAN-COSMIN-PARTIDUL NAȚIONAL LIBERAL-voturi","CIOABĂ DORIN-PARTIDA ROMILOR PRO EUROPA-voturi","APOSTOIU RAUL-ANDREI-ALIANȚA USR PLUS-voturi","HIRSCH CRISTIAN-HERMANN-PARTIDUL VERDE-voturi","AXENTE IOAN-PARTIDUL NEAMUL ROMÂNESC-voturi","ZARĂ LUCIAN VALERIAN-BLOCUL UNITĂȚII NAȚIONALE-voturi","TRANCĂ LUCIAN-LIVIU-PARTIDUL ECOLOGIST ROMÂN-voturi","MUŞOAIE ADRIAN-PARTIDUL SOCIAL DEMOCRAT-voturi","MÎNDREAN ADRIAN-DUMITRU-PARTIDUL MIȘCAREA POPULARĂ-voturi","VIŞA IONEL-PARTIDUL NAȚIONAL LIBERAL-voturi","TRICOLICI ALEXANDRU-NICOLAE-ALIANȚA USR PLUS-voturi","MURGOCI COSTEL-PARTIDUL PRO ROMÂNIA-voturi","CIOCA IOAN-PARTIDUL MIȘCAREA POPULARĂ-voturi","SCHIAU-GULL ALIN-CIPRIAN-PARTIDUL NAȚIONAL LIBERAL-voturi","DRAGOMAN IOAN-PARTIDUL SOCIAL DEMOCRAT-voturi","CURCEAN MARIUS-RADU-ALIANȚA USR PLUS-voturi","FLORIŢĂ IOAN-PARTIDUL NEAMUL ROMÂNESC-voturi","MATEI DUMITRU-PARTIDUL ROMÂNIA MARE-voturi","DAVID ADRIAN-DUMITRU-PARTIDUL NAȚIONAL LIBERAL-voturi","STOICA GHEORGHE-DANIEL-PARTIDUL MIȘCAREA POPULARĂ-voturi","GAVRILĂ VASILE-FORUMUL DEMOCRAT AL GERMANILOR DIN ROMÂNIA-voturi","TEODORESCU DORU-PARTIDUL SOCIAL DEMOCRAT-voturi","BUJAN VASILE-CRISTIAN-ALIANȚA USR PLUS-voturi","BIŢU ANDREI-LIVIU-PARTIDUL MIȘCAREA POPULARĂ-voturi","VINTILĂ CORNEL-PARTIDUL PRO ROMÂNIA-voturi","HUJA GHEORGHE-PARTIDUL NAȚIONAL LIBERAL-voturi","KRECH JOHANN-PARTIDUL ALIANŢA LIBERALILOR ŞI DEMOCRAŢILOR – ALDE-voturi","FLOREA GABRIEL-PARTIDUL SOCIAL DEMOCRAT-voturi","KRAFFT ROBERT-FORUMUL DEMOCRAT AL GERMANILOR DIN ROMÂNIA-voturi","LEPŞA DUMITRU-VASILE-BLOCUL UNITĂȚII NAȚIONALE-voturi","VELŢAN RODICA-MONICA-ALIANȚA USR PLUS-voturi","MUNTEANU ANGELICA-PARTIDUL VERDE-voturi","WEISS WALTER-voturi","MIHALACHE DANIEL-TUDOR-PARTIDUL NAȚIONAL LIBERAL-voturi","POP IOSIF-FLORENTIN-PARTIDUL SOCIAL DEMOCRAT-voturi","MÁTÉFI REZSŐ-ALIANȚA USR PLUS-voturi","CRISTEA IOAN-ADRIAN-PARTIDUL MIȘCAREA POPULARĂ-voturi","DÂRLOŞAN EMIL-PARTIDUL SOCIAL DEMOCRAT-voturi","MATEŞ MIHAI-CĂTĂLIN-PARTIDUL ALIANŢA LIBERALILOR ŞI DEMOCRAŢILOR – ALDE-voturi","IRIMIE GEORGETA-PARTIDUL NAȚIONAL LIBERAL-voturi","PĂCURAR ADRIANA-ELENA-PARTIDUL PRO ROMÂNIA-voturi","STAFIE LUCIAN-OVIDIU-ALIANȚA USR PLUS-voturi","RĂU DAN-PARTIDUL ALIANŢA LIBERALILOR ŞI DEMOCRAŢILOR – ALDE-voturi","TROANCĂ IOAN-PARTIDUL NAȚIONAL LIBERAL-voturi","HUSUSAN IOAN-PARTIDUL SOCIAL DEMOCRAT-voturi","POPA SILVIU-PARTIDUL MIȘCAREA POPULARĂ-voturi","BUTA DANIELA-PARTIDUL ALIANŢA LIBERALILOR ŞI DEMOCRAŢILOR – ALDE-voturi","ŞOAITĂ VIOREL-EUGEN-PARTIDUL SOCIAL DEMOCRAT-voturi","BUNACIU IULIAN-DRAGOŞ-PARTIDUL MIȘCAREA POPULARĂ-voturi","PREDESCU GEORGE-CLAUDIU-PARTIDUL NAȚIONAL LIBERAL-voturi","RĂCUCIU HORAŢIU-DUMITRU-PARTIDUL NAȚIONAL LIBERAL-voturi","ORLANDEA DUMITRU-VIRGIL-PARTIDUL MIȘCAREA POPULARĂ-voturi","TARCEA NICOLAE-PARTIDUL SOCIAL DEMOCRAT-voturi","OANCEA IOAN-PARTIDUL NAȚIONAL LIBERAL-voturi","ZAHARIE DORIAN-GHEORGHE-PARTIDUL ALIANŢA LIBERALILOR ŞI DEMOCRAŢILOR – ALDE-voturi","TĂTĂRĂŞANU MARIA-LIVIA-PARTIDUL MIȘCAREA POPULARĂ-voturi","MORARIU TOMA-GHEORGHE-PARTIDUL PRO ROMÂNIA-voturi","CIOROGARIU IOAN-PETRU-PARTIDUL SOCIAL DEMOCRAT-voturi","TIUTION ELEODOR-OVIDIU-ALIANȚA USR PLUS-voturi","LOTREAN CONSTANTIN-MIHAI-voturi","IAKABOŞ ŞTEFAN-MARIUS-voturi","MUNTIU IOAN-voturi","POPA VALENTIN-IOAN-PARTIDUL SOCIAL DEMOCRAT-voturi","GÂŢĂ AUREL-PARTIDUL NAȚIONAL LIBERAL-voturi","PĂREAN IOAN-ALEXANDRU-PARTIDUL MIȘCAREA POPULARĂ-voturi","LAZĂR AUREL-IOAN-voturi","DANCU NICULAE-PARTIDUL NAȚIONAL LIBERAL-voturi","IOVI ADRIAN-PAVEL-PARTIDUL SOCIAL DEMOCRAT-voturi","DĂNCILĂ ILIE-PARTIDUL NAȚIONAL LIBERAL-voturi","STOIŢĂ DUMITRU-TRAIAN-PARTIDUL MIȘCAREA POPULARĂ-voturi","TIMOFTE LIVIU-VASILE-PARTIDUL NAȚIONAL LIBERAL-voturi","BUDIN VASILE-PARTIDUL SOCIAL DEMOCRAT-voturi","MARTINCU DOREL-IOAN-PARTIDUL MIȘCAREA POPULARĂ-voturi","STRAVA IOAN-PARTIDUL SOCIAL DEMOCRAT-voturi","POŞA GEORGETA-MARIA-PARTIDUL NAȚIONAL LIBERAL-voturi","PĂŞTINA GHEORGHE-MIRCEA-PARTIDUL NEAMUL ROMÂNESC-voturi","IOSUB VASILE-BOGDAN-PARTIDUL VERDE-voturi","MAGLIANO LINO-ALIANȚA USR PLUS-voturi","VLAŞIN NICOLAE-ANDREI-voturi","VOICU ANDREEA-PARTIDUL NAȚIONAL LIBERAL-voturi","HULPUŞ MARIUS-GHEORGHE-PARTIDUL MIȘCAREA POPULARĂ-voturi","BUCUR SIMION-GHEORGHE-PARTIDUL SOCIAL DEMOCRAT-voturi","BOGDAN BUCUR-PARTIDUL NAȚIONAL LIBERAL-voturi","BOGDAN MIOARA-PARTIDUL SOCIAL DEMOCRAT-voturi","POPA NICOLAE-PETRU-PARTIDUL MIȘCAREA POPULARĂ-voturi","VIDRIGHIN IOAN-FLORIN-PARTIDUL SOCIAL DEMOCRAT-voturi","PAŞCALĂU ERUSALIN-NICOLAE-PARTIDUL MIȘCAREA POPULARĂ-voturi","MINEA DANIEL DUMITRU-PARTIDUL NAȚIONAL LIBERAL-voturi","POPA FLORIN-voturi","ALDEA VALENTIN-PARTIDUL ALIANŢA LIBERALILOR ŞI DEMOCRAŢILOR – ALDE-voturi","DAVID IOAN-PARTIDUL MIȘCAREA POPULARĂ-voturi","POPA DOREL-IOAN-PARTIDUL NAȚIONAL LIBERAL-voturi","HANEA MARIUS-GRIGORE-PARTIDUL SOCIAL DEMOCRAT-voturi","PĂDURE ADINA-MARIA-PARTIDUL PRO ROMÂNIA-voturi","DRĂGAN DOREL-PARTIDUL ECOLOGIST ROMÂN-voturi","HANEA DUMITRU-PARTIDUL SOCIAL DEMOCRAT-voturi","IVAN VALENTIN-DUMITRU-IOAN-PARTIDUL NAȚIONAL LIBERAL-voturi","POPICA ION-PARTIDUL MIȘCAREA POPULARĂ-voturi","ŞUŞA NICOLAE-PARTIDUL NAȚIONAL LIBERAL-voturi","ANTON DANIEL-PARTIDUL SOCIAL DEMOCRAT-voturi","COŢOFAN ROMAN-PARTIDUL PRO ROMÂNIA-voturi","FRĂŢILĂ CORNELIA-COSMINA-PARTIDUL MIȘCAREA POPULARĂ-voturi","MICU AUREL-PARTIDUL ALIANŢA LIBERALILOR ŞI DEMOCRAŢILOR – ALDE-voturi","SECHEL OCTAVIAN-SIMION-ALIANȚA USR PLUS-voturi","URIAN EMIL-MARIUS-PARTIDUL NAȚIONAL LIBERAL-voturi","BOTEZATU FILIP-PARTIDUL MIȘCAREA POPULARĂ-voturi","MIHEŢ FLORIN-IOSIF-PARTIDUL SOCIAL DEMOCRAT-voturi","ION CRISTIAN-ALEXANDRU-PARTIDUL PRO ROMÂNIA-voturi","ŞANDRU DORU-PARTIDUL VERDE-voturi","BUCUR GABRIEL-BLOCUL UNITĂȚII NAȚIONALE-voturi","MEIŢESCU DANIELA-MARIA-ALIANȚA USR PLUS-voturi","IRIMIE RĂZVAN-PARTIDUL MIȘCAREA POPULARĂ-voturi","ŞOROŞTINEAN VIRGIL-PARTIDUL ALIANŢA LIBERALILOR ŞI DEMOCRAŢILOR – ALDE-voturi","GANEA PETRU-PARTIDUL PRO ROMÂNIA-voturi","NAN ARON-ADRIAN-PARTIDUL NAȚIONAL LIBERAL-voturi","STÎNGU GALINA-PARTIDUL SOCIAL DEMOCRAT-voturi","FLUTUR DUMITRU-SEBASTIAN-ALIANȚA PENTRU UNIREA ROMÂNILOR-voturi","CREŢU ALIN-CONSTANTIN-ALIANȚA USR PLUS-voturi","DICOI DANIEL-IOAN-PARTIDUL NEAMUL ROMÂNESC-voturi","CÂRSTEA DAVID-PETRU-PARTIDUL MIȘCAREA POPULARĂ-voturi","MAIER IONUŢ-PARTIDUL NAȚIONAL LIBERAL-voturi","INDREICA CĂTĂLIN-ALEXANDRU-PARTIDUL ALIANŢA LIBERALILOR ŞI DEMOCRAŢILOR – ALDE-voturi","MARIN CORNEL-LIVIU-PARTIDUL SOCIAL DEMOCRAT-voturi","DRAGOTĂ IOAN-ALIANȚA USR PLUS-voturi","OPRIŞ ILIE-MIHAI-voturi","TECI IOAN-ALEXANDRU-PARTIDUL SOCIAL DEMOCRAT-voturi","RISTEA VALENTIN-PARTIDUL NAȚIONAL LIBERAL-voturi","NOVAC ANGELA-ALIANȚA USR PLUS-voturi","UNGUR FLORIN-PARTIDUL PRO ROMÂNIA-voturi","GĂBAN NICOLAE-PARTIDUL NAȚIONAL LIBERAL-voturi","PLEINER NORBERT-JÁCINT-PARTIDUL SOCIAL DEMOCRAT-voturi","CUCERZAN NICOLAE-PARTIDUL MIȘCAREA POPULARĂ-voturi","BLEAHU VICTOR-PARTIDUL VERDE-voturi","MICLĂUŞ IOAN-PARTIDUL SOCIAL DEMOCRAT-voturi","HODOŞ GHEORGHE-SORIN-PARTIDUL MIȘCAREA POPULARĂ-voturi","CÎMPEAN VASILE-PARTIDUL NAȚIONAL LIBERAL-voturi","MORAR PAUL-IOAN-PARTIDUL SOCIAL DEMOCRAT-voturi","ISTRATE STELIAN-PARTIDUL MIȘCAREA POPULARĂ-voturi","MANGU ELENA STANA-PARTIDUL NAȚIONAL LIBERAL-voturi","ANGHEL ANDREEA-CORNELIA-ALIANȚA USR PLUS-voturi","VASILIU SERGIU-CRISTIAN-PARTIDUL NAȚIONAL LIBERAL-voturi","PINTE ILIE-AVRAM-PARTIDUL SOCIAL DEMOCRAT-voturi","SUCIU RODICA-ALIANȚA USR PLUS-voturi","OLARIU ELENA-PARTIDUL NAȚIONAL LIBERAL-voturi","ALDEA CORNEL-PARTIDUL SOCIAL DEMOCRAT-voturi","TOMA LIVIU-PARTIDUL ECOLOGIST ROMÂN-voturi","POPA GHEORGHE-ALIANȚA PENTRU UNIREA ROMÂNILOR-voturi"
34,SIBIU,ALMA,146012,1,FINAL,UAT,P,P_CE,"2020-09-28 04:56:11",1616,1503,2,65,46,1253,1142,0,65,46,1232,21,1676,423,481,349,402,0,0,0,0,0,0,0,0,0,0,0,0,0,0,0,0,0,0,0,0,0,0,0,0,0,0,0,0,0,0,0,0,0,0,0,0,0,0,0,0,0,0,0,0,0,0,0,0,0,0,0,0,0,0,0,0,0,0,0,0,0,0,0,0,0,0,0,0,0,0,0,0,0,0,0,0,0,0,0,0,0,0,0,0,0,0,0,0,0,0,0,0,0,0,0,0,0,0,0,0,0,0,0,0,0,0,0,0,0,0,0,0,0,0,0,0,0,0,0,0,0,0,0,0,0,0,0,0,0,0,0,0,0,0,0,0,0,0,0,0,0,0,0,0,0,0,0,0,0,0,0,0,0,0,0,0,0,0,0,0,0,0,0,0,0,0,0,0,0,0,0,0,0,0,0,0,0,0,0,0,0,0,0,0,0,0,0,0,0,0,0,0,0,0,0,0,0,0,0,0,0,0,0,0,0,0,0,0,0,0,0,0,0,0,0,0,0,0,0,0,0,0,0,0,0,0,0,0,0,0,0,0,0,0,0,0,0,0,0,0,0,0,0,0,0,0,0,0,0,0,0,0,0,0,0,0,0,0,0,0,0,0,0,0,0,0
34,SIBIU,ALŢINA,143888,1,FINAL,UAT,P,P_CE,"2020-09-28 07:43:03",1468,1384,3,40,41,960,879,0,40,41,928,32,1657,697,0,0,0,249,204,295,180,0,0,0,0,0,0,0,0,0,0,0,0,0,0,0,0,0,0,0,0,0,0,0,0,0,0,0,0,0,0,0,0,0,0,0,0,0,0,0,0,0,0,0,0,0,0,0,0,0,0,0,0,0,0,0,0,0,0,0,0,0,0,0,0,0,0,0,0,0,0,0,0,0,0,0,0,0,0,0,0,0,0,0,0,0,0,0,0,0,0,0,0,0,0,0,0,0,0,0,0,0,0,0,0,0,0,0,0,0,0,0,0,0,0,0,0,0,0,0,0,0,0,0,0,0,0,0,0,0,0,0,0,0,0,0,0,0,0,0,0,0,0,0,0,0,0,0,0,0,0,0,0,0,0,0,0,0,0,0,0,0,0,0,0,0,0,0,0,0,0,0,0,0,0,0,0,0,0,0,0,0,0,0,0,0,0,0,0,0,0,0,0,0,0,0,0,0,0,0,0,0,0,0,0,0,0,0,0,0,0,0,0,0,0,0,0,0,0,0,0,0,0,0,0,0,0,0,0,0,0,0,0,0,0,0,0,0,0,0,0,0,0,0,0,0,0,0,0,0,0,0,0,0,0,0,0,0,0,0,0,0,0
34,SIBIU,"APOLDU DE JOS",143922,1,FINAL,UAT,P,P_CE,"2020-09-28 05:31:43",1098,1027,4,49,18,784,716,1,49,18,767,17,1182,398,0,0,0,0,0,0,0,241,40,14,472,0,0,0,0,0,0,0,0,0,0,0,0,0,0,0,0,0,0,0,0,0,0,0,0,0,0,0,0,0,0,0,0,0,0,0,0,0,0,0,0,0,0,0,0,0,0,0,0,0,0,0,0,0,0,0,0,0,0,0,0,0,0,0,0,0,0,0,0,0,0,0,0,0,0,0,0,0,0,0,0,0,0,0,0,0,0,0,0,0,0,0,0,0,0,0,0,0,0,0,0,0,0,0,0,0,0,0,0,0,0,0,0,0,0,0,0,0,0,0,0,0,0,0,0,0,0,0,0,0,0,0,0,0,0,0,0,0,0,0,0,0,0,0,0,0,0,0,0,0,0,0,0,0,0,0,0,0,0,0,0,0,0,0,0,0,0,0,0,0,0,0,0,0,0,0,0,0,0,0,0,0,0,0,0,0,0,0,0,0,0,0,0,0,0,0,0,0,0,0,0,0,0,0,0,0,0,0,0,0,0,0,0,0,0,0,0,0,0,0,0,0,0,0,0,0,0,0,0,0,0,0,0,0,0,0,0,0,0,0,0,0,0,0,0,0,0,0,0,0,0,0,0,0,0,0,0,0,0
34,SIBIU,"ARPAŞU DE JOS",143959,1,FINAL,UAT,P,P_CE,"2020-09-28 08:09:33",2338,2231,4,66,37,1562,1457,2,66,37,1529,33,2500,938,0,0,0,0,0,0,0,0,0,0,0,664,626,158,81,0,0,0,0,0,0,0,0,0,0,0,0,0,0,0,0,0,0,0,0,0,0,0,0,0,0,0,0,0,0,0,0,0,0,0,0,0,0,0,0,0,0,0,0,0,0,0,0,0,0,0,0,0,0,0,0,0,0,0,0,0,0,0,0,0,0,0,0,0,0,0,0,0,0,0,0,0,0,0,0,0,0,0,0,0,0,0,0,0,0,0,0,0,0,0,0,0,0,0,0,0,0,0,0,0,0,0,0,0,0,0,0,0,0,0,0,0,0,0,0,0,0,0,0,0,0,0,0,0,0,0,0,0,0,0,0,0,0,0,0,0,0,0,0,0,0,0,0,0,0,0,0,0,0,0,0,0,0,0,0,0,0,0,0,0,0,0,0,0,0,0,0,0,0,0,0,0,0,0,0,0,0,0,0,0,0,0,0,0,0,0,0,0,0,0,0,0,0,0,0,0,0,0,0,0,0,0,0,0,0,0,0,0,0,0,0,0,0,0,0,0,0,0,0,0,0,0,0,0,0,0,0,0,0,0,0,0,0,0,0,0,0,0,0,0,0,0,0,0,0,0,0,0,0
34,SIBIU,AŢEL,143995,1,FINAL,UAT,P,P_CE,"2020-09-28 08:25:12",1424,1349,7,34,34,762,693,1,34,34,737,25,1500,738,0,0,0,0,0,0,0,0,0,0,0,0,0,0,0,494,30,20,190,3,0,0,0,0,0,0,0,0,0,0,0,0,0,0,0,0,0,0,0,0,0,0,0,0,0,0,0,0,0,0,0,0,0,0,0,0,0,0,0,0,0,0,0,0,0,0,0,0,0,0,0,0,0,0,0,0,0,0,0,0,0,0,0,0,0,0,0,0,0,0,0,0,0,0,0,0,0,0,0,0,0,0,0,0,0,0,0,0,0,0,0,0,0,0,0,0,0,0,0,0,0,0,0,0,0,0,0,0,0,0,0,0,0,0,0,0,0,0,0,0,0,0,0,0,0,0,0,0,0,0,0,0,0,0,0,0,0,0,0,0,0,0,0,0,0,0,0,0,0,0,0,0,0,0,0,0,0,0,0,0,0,0,0,0,0,0,0,0,0,0,0,0,0,0,0,0,0,0,0,0,0,0,0,0,0,0,0,0,0,0,0,0,0,0,0,0,0,0,0,0,0,0,0,0,0,0,0,0,0,0,0,0,0,0,0,0,0,0,0,0,0,0,0,0,0,0,0,0,0,0,0,0,0,0,0,0,0,0,0,0,0,0,0,0,0,0,0,0,0
34,SIBIU,"AXENTE SEVER",144116,1,FINAL,UAT,P,P_CE,"2020-09-28 03:12:46",3550,3495,4,35,16,1380,1329,0,35,16,1311,69,3900,2520,0,0,0,0,0,0,0,0,0,0,0,0,0,0,0,0,0,0,0,0,1032,279,0,0,0,0,0,0,0,0,0,0,0,0,0,0,0,0,0,0,0,0,0,0,0,0,0,0,0,0,0,0,0,0,0,0,0,0,0,0,0,0,0,0,0,0,0,0,0,0,0,0,0,0,0,0,0,0,0,0,0,0,0,0,0,0,0,0,0,0,0,0,0,0,0,0,0,0,0,0,0,0,0,0,0,0,0,0,0,0,0,0,0,0,0,0,0,0,0,0,0,0,0,0,0,0,0,0,0,0,0,0,0,0,0,0,0,0,0,0,0,0,0,0,0,0,0,0,0,0,0,0,0,0,0,0,0,0,0,0,0,0,0,0,0,0,0,0,0,0,0,0,0,0,0,0,0,0,0,0,0,0,0,0,0,0,0,0,0,0,0,0,0,0,0,0,0,0,0,0,0,0,0,0,0,0,0,0,0,0,0,0,0,0,0,0,0,0,0,0,0,0,0,0,0,0,0,0,0,0,0,0,0,0,0,0,0,0,0,0,0,0,0,0,0,0,0,0,0,0,0,0,0,0,0,0,0,0,0,0,0,0,0,0,0,0,0,0,0
34,SIBIU,BÂRGHIŞ,144232,1,FINAL,UAT,P,P_CE,"2020-09-28 08:18:52",1786,1695,6,73,12,1074,987,2,73,12,1000,42,1889,847,0,0,0,0,0,0,0,0,0,0,0,0,0,0,0,0,0,0,0,0,0,0,413,193,23,371,0,0,0,0,0,0,0,0,0,0,0,0,0,0,0,0,0,0,0,0,0,0,0,0,0,0,0,0,0,0,0,0,0,0,0,0,0,0,0,0,0,0,0,0,0,0,0,0,0,0,0,0,0,0,0,0,0,0,0,0,0,0,0,0,0,0,0,0,0,0,0,0,0,0,0,0,0,0,0,0,0,0,0,0,0,0,0,0,0,0,0,0,0,0,0,0,0,0,0,0,0,0,0,0,0,0,0,0,0,0,0,0,0,0,0,0,0,0,0,0,0,0,0,0,0,0,0,0,0,0,0,0,0,0,0,0,0,0,0,0,0,0,0,0,0,0,0,0,0,0,0,0,0,0,0,0,0,0,0,0,0,0,0,0,0,0,0,0,0,0,0,0,0,0,0,0,0,0,0,0,0,0,0,0,0,0,0,0,0,0,0,0,0,0,0,0,0,0,0,0,0,0,0,0,0,0,0,0,0,0,0,0,0,0,0,0,0,0,0,0,0,0,0,0,0,0,0,0,0,0,0,0,0,0,0,0,0,0,0,0,0,0,0
34,SIBIU,BAZNA,144152,1,FINAL,UAT,P,P_CE,"2020-09-28 08:25:06",3094,3050,3,23,18,1376,1335,0,23,18,1306,70,3400,2024,0,0,0,0,0,0,0,0,0,0,0,0,0,0,0,0,0,0,0,0,0,0,0,0,0,0,781,236,169,120,0,0,0,0,0,0,0,0,0,0,0,0,0,0,0,0,0,0,0,0,0,0,0,0,0,0,0,0,0,0,0,0,0,0,0,0,0,0,0,0,0,0,0,0,0,0,0,0,0,0,0,0,0,0,0,0,0,0,0,0,0,0,0,0,0,0,0,0,0,0,0,0,0,0,0,0,0,0,0,0,0,0,0,0,0,0,0,0,0,0,0,0,0,0,0,0,0,0,0,0,0,0,0,0,0,0,0,0,0,0,0,0,0,0,0,0,0,0,0,0,0,0,0,0,0,0,0,0,0,0,0,0,0,0,0,0,0,0,0,0,0,0,0,0,0,0,0,0,0,0,0,0,0,0,0,0,0,0,0,0,0,0,0,0,0,0,0,0,0,0,0,0,0,0,0,0,0,0,0,0,0,0,0,0,0,0,0,0,0,0,0,0,0,0,0,0,0,0,0,0,0,0,0,0,0,0,0,0,0,0,0,0,0,0,0,0,0,0,0,0,0,0,0,0,0,0,0,0,0,0,0,0,0,0,0,0,0,0,0
34,SIBIU,BIERTAN,144198,1,FINAL,UAT,P,P_CE,"2020-09-28 08:08:47",2435,2364,11,17,43,1157,1095,2,17,43,1112,45,2600,1443,0,0,0,0,0,0,0,0,0,0,0,0,0,0,0,0,0,0,0,0,0,0,0,0,0,0,0,0,0,0,376,696,40,0,0,0,0,0,0,0,0,0,0,0,0,0,0,0,0,0,0,0,0,0,0,0,0,0,0,0,0,0,0,0,0,0,0,0,0,0,0,0,0,0,0,0,0,0,0,0,0,0,0,0,0,0,0,0,0,0,0,0,0,0,0,0,0,0,0,0,0,0,0,0,0,0,0,0,0,0,0,0,0,0,0,0,0,0,0,0,0,0,0,0,0,0,0,0,0,0,0,0,0,0,0,0,0,0,0,0,0,0,0,0,0,0,0,0,0,0,0,0,0,0,0,0,0,0,0,0,0,0,0,0,0,0,0,0,0,0,0,0,0,0,0,0,0,0,0,0,0,0,0,0,0,0,0,0,0,0,0,0,0,0,0,0,0,0,0,0,0,0,0,0,0,0,0,0,0,0,0,0,0,0,0,0,0,0,0,0,0,0,0,0,0,0,0,0,0,0,0,0,0,0,0,0,0,0,0,0,0,0,0,0,0,0,0,0,0,0,0,0,0,0,0,0,0,0,0,0,0,0,0,0,0,0,0,0,0
34,SIBIU,BLĂJEL,144303,1,FINAL,UAT,P,P_CE,"2020-09-28 07:07:44",1918,1854,9,29,26,1209,1152,2,29,26,1169,40,2103,894,0,0,0,0,0,0,0,0,0,0,0,0,0,0,0,0,0,0,0,0,0,0,0,0,0,0,0,0,0,0,0,0,0,688,435,35,11,0,0,0,0,0,0,0,0,0,0,0,0,0,0,0,0,0,0,0,0,0,0,0,0,0,0,0,0,0,0,0,0,0,0,0,0,0,0,0,0,0,0,0,0,0,0,0,0,0,0,0,0,0,0,0,0,0,0,0,0,0,0,0,0,0,0,0,0,0,0,0,0,0,0,0,0,0,0,0,0,0,0,0,0,0,0,0,0,0,0,0,0,0,0,0,0,0,0,0,0,0,0,0,0,0,0,0,0,0,0,0,0,0,0,0,0,0,0,0,0,0,0,0,0,0,0,0,0,0,0,0,0,0,0,0,0,0,0,0,0,0,0,0,0,0,0,0,0,0,0,0,0,0,0,0,0,0,0,0,0,0,0,0,0,0,0,0,0,0,0,0,0,0,0,0,0,0,0,0,0,0,0,0,0,0,0,0,0,0,0,0,0,0,0,0,0,0,0,0,0,0,0,0,0,0,0,0,0,0,0,0,0,0,0,0,0,0,0,0,0,0,0,0,0,0,0,0,0,0,0,0,0
34,SIBIU,BOIŢA,146021,1,FINAL,UAT,P,P_CE,"2020-09-28 05:56:43",1283,1252,0,14,17,847,816,0,14,17,786,30,1408,592,0,0,0,0,0,0,0,0,0,0,0,0,0,0,0,0,0,0,0,0,0,0,0,0,0,0,0,0,0,0,0,0,0,0,0,0,0,346,181,28,231,0,0,0,0,0,0,0,0,0,0,0,0,0,0,0,0,0,0,0,0,0,0,0,0,0,0,0,0,0,0,0,0,0,0,0,0,0,0,0,0,0,0,0,0,0,0,0,0,0,0,0,0,0,0,0,0,0,0,0,0,0,0,0,0,0,0,0,0,0,0,0,0,0,0,0,0,0,0,0,0,0,0,0,0,0,0,0,0,0,0,0,0,0,0,0,0,0,0,0,0,0,0,0,0,0,0,0,0,0,0,0,0,0,0,0,0,0,0,0,0,0,0,0,0,0,0,0,0,0,0,0,0,0,0,0,0,0,0,0,0,0,0,0,0,0,0,0,0,0,0,0,0,0,0,0,0,0,0,0,0,0,0,0,0,0,0,0,0,0,0,0,0,0,0,0,0,0,0,0,0,0,0,0,0,0,0,0,0,0,0,0,0,0,0,0,0,0,0,0,0,0,0,0,0,0,0,0,0,0,0,0,0,0,0,0,0,0,0,0,0,0,0,0,0,0,0,0,0
34,SIBIU,BRĂDENI,144376,1,FINAL,UAT,P,P_CE,"2020-09-28 02:56:30",1260,1199,2,51,8,735,675,1,51,8,710,25,1300,565,0,0,0,0,0,0,0,0,0,0,0,0,0,0,0,0,0,0,0,0,0,0,0,0,0,0,0,0,0,0,0,0,0,0,0,0,0,0,0,0,0,190,486,34,0,0,0,0,0,0,0,0,0,0,0,0,0,0,0,0,0,0,0,0,0,0,0,0,0,0,0,0,0,0,0,0,0,0,0,0,0,0,0,0,0,0,0,0,0,0,0,0,0,0,0,0,0,0,0,0,0,0,0,0,0,0,0,0,0,0,0,0,0,0,0,0,0,0,0,0,0,0,0,0,0,0,0,0,0,0,0,0,0,0,0,0,0,0,0,0,0,0,0,0,0,0,0,0,0,0,0,0,0,0,0,0,0,0,0,0,0,0,0,0,0,0,0,0,0,0,0,0,0,0,0,0,0,0,0,0,0,0,0,0,0,0,0,0,0,0,0,0,0,0,0,0,0,0,0,0,0,0,0,0,0,0,0,0,0,0,0,0,0,0,0,0,0,0,0,0,0,0,0,0,0,0,0,0,0,0,0,0,0,0,0,0,0,0,0,0,0,0,0,0,0,0,0,0,0,0,0,0,0,0,0,0,0,0,0,0,0,0,0,0,0,0,0,0,0
34,SIBIU,BRATEIU,144349,1,FINAL,UAT,P,P_CE,"2020-09-28 08:58:29",2995,2969,0,22,4,1610,1584,0,22,4,1552,58,3300,1690,0,0,0,0,0,0,0,0,0,0,0,0,0,0,0,0,0,0,0,0,0,0,0,0,0,0,0,0,0,0,0,0,0,0,0,0,0,0,0,0,0,0,0,0,301,991,78,182,0,0,0,0,0,0,0,0,0,0,0,0,0,0,0,0,0,0,0,0,0,0,0,0,0,0,0,0,0,0,0,0,0,0,0,0,0,0,0,0,0,0,0,0,0,0,0,0,0,0,0,0,0,0,0,0,0,0,0,0,0,0,0,0,0,0,0,0,0,0,0,0,0,0,0,0,0,0,0,0,0,0,0,0,0,0,0,0,0,0,0,0,0,0,0,0,0,0,0,0,0,0,0,0,0,0,0,0,0,0,0,0,0,0,0,0,0,0,0,0,0,0,0,0,0,0,0,0,0,0,0,0,0,0,0,0,0,0,0,0,0,0,0,0,0,0,0,0,0,0,0,0,0,0,0,0,0,0,0,0,0,0,0,0,0,0,0,0,0,0,0,0,0,0,0,0,0,0,0,0,0,0,0,0,0,0,0,0,0,0,0,0,0,0,0,0,0,0,0,0,0,0,0,0,0,0,0,0,0,0,0,0,0,0,0,0,0,0,0,0,0
34,SIBIU,BRUIU,144410,1,FINAL,UAT,P,P_CE,"2020-09-28 04:34:58",779,720,5,39,15,445,389,2,39,15,435,10,800,355,0,0,0,0,0,0,0,0,0,0,0,0,0,0,0,0,0,0,0,0,0,0,0,0,0,0,0,0,0,0,0,0,0,0,0,0,0,0,0,0,0,0,0,0,0,0,0,0,39,275,60,61,0,0,0,0,0,0,0,0,0,0,0,0,0,0,0,0,0,0,0,0,0,0,0,0,0,0,0,0,0,0,0,0,0,0,0,0,0,0,0,0,0,0,0,0,0,0,0,0,0,0,0,0,0,0,0,0,0,0,0,0,0,0,0,0,0,0,0,0,0,0,0,0,0,0,0,0,0,0,0,0,0,0,0,0,0,0,0,0,0,0,0,0,0,0,0,0,0,0,0,0,0,0,0,0,0,0,0,0,0,0,0,0,0,0,0,0,0,0,0,0,0,0,0,0,0,0,0,0,0,0,0,0,0,0,0,0,0,0,0,0,0,0,0,0,0,0,0,0,0,0,0,0,0,0,0,0,0,0,0,0,0,0,0,0,0,0,0,0,0,0,0,0,0,0,0,0,0,0,0,0,0,0,0,0,0,0,0,0,0,0,0,0,0,0,0,0,0,0,0,0,0,0,0,0,0,0,0,0,0,0,0,0,0,0,0,0,0
34,SIBIU,CÂRŢA,144508,1,FINAL,UAT,P,P_CE,"2020-09-28 05:18:38",1023,969,10,19,25,617,567,6,19,25,594,23,1000,383,0,0,0,0,0,0,0,0,0,0,0,0,0,0,0,0,0,0,0,0,0,0,0,0,0,0,0,0,0,0,0,0,0,0,0,0,0,0,0,0,0,0,0,0,0,0,0,0,0,0,0,0,300,294,0,0,0,0,0,0,0,0,0,0,0,0,0,0,0,0,0,0,0,0,0,0,0,0,0,0,0,0,0,0,0,0,0,0,0,0,0,0,0,0,0,0,0,0,0,0,0,0,0,0,0,0,0,0,0,0,0,0,0,0,0,0,0,0,0,0,0,0,0,0,0,0,0,0,0,0,0,0,0,0,0,0,0,0,0,0,0,0,0,0,0,0,0,0,0,0,0,0,0,0,0,0,0,0,0,0,0,0,0,0,0,0,0,0,0,0,0,0,0,0,0,0,0,0,0,0,0,0,0,0,0,0,0,0,0,0,0,0,0,0,0,0,0,0,0,0,0,0,0,0,0,0,0,0,0,0,0,0,0,0,0,0,0,0,0,0,0,0,0,0,0,0,0,0,0,0,0,0,0,0,0,0,0,0,0,0,0,0,0,0,0,0,0,0,0,0,0,0,0,0,0,0,0,0,0,0,0,0,0,0,0,0,0,0,0
34,SIBIU,CÂRŢIŞOARA,144535,1,FINAL,UAT,P,P_CE,"2020-09-28 03:08:33",1188,1109,3,53,23,803,726,1,53,23,787,16,1200,397,0,0,0,0,0,0,0,0,0,0,0,0,0,0,0,0,0,0,0,0,0,0,0,0,0,0,0,0,0,0,0,0,0,0,0,0,0,0,0,0,0,0,0,0,0,0,0,0,0,0,0,0,0,0,251,476,60,0,0,0,0,0,0,0,0,0,0,0,0,0,0,0,0,0,0,0,0,0,0,0,0,0,0,0,0,0,0,0,0,0,0,0,0,0,0,0,0,0,0,0,0,0,0,0,0,0,0,0,0,0,0,0,0,0,0,0,0,0,0,0,0,0,0,0,0,0,0,0,0,0,0,0,0,0,0,0,0,0,0,0,0,0,0,0,0,0,0,0,0,0,0,0,0,0,0,0,0,0,0,0,0,0,0,0,0,0,0,0,0,0,0,0,0,0,0,0,0,0,0,0,0,0,0,0,0,0,0,0,0,0,0,0,0,0,0,0,0,0,0,0,0,0,0,0,0,0,0,0,0,0,0,0,0,0,0,0,0,0,0,0,0,0,0,0,0,0,0,0,0,0,0,0,0,0,0,0,0,0,0,0,0,0,0,0,0,0,0,0,0,0,0,0,0,0,0,0,0,0,0,0,0,0,0,0,0,0,0,0,0
34,SIBIU,CHIRPĂR,144456,1,FINAL,UAT,P,P_CE,"2020-09-28 07:00:19",1566,1519,4,37,6,718,673,2,37,6,677,41,1640,922,0,0,0,0,0,0,0,0,0,0,0,0,0,0,0,0,0,0,0,0,0,0,0,0,0,0,0,0,0,0,0,0,0,0,0,0,0,0,0,0,0,0,0,0,0,0,0,0,0,0,0,0,0,0,0,0,0,353,100,224,0,0,0,0,0,0,0,0,0,0,0,0,0,0,0,0,0,0,0,0,0,0,0,0,0,0,0,0,0,0,0,0,0,0,0,0,0,0,0,0,0,0,0,0,0,0,0,0,0,0,0,0,0,0,0,0,0,0,0,0,0,0,0,0,0,0,0,0,0,0,0,0,0,0,0,0,0,0,0,0,0,0,0,0,0,0,0,0,0,0,0,0,0,0,0,0,0,0,0,0,0,0,0,0,0,0,0,0,0,0,0,0,0,0,0,0,0,0,0,0,0,0,0,0,0,0,0,0,0,0,0,0,0,0,0,0,0,0,0,0,0,0,0,0,0,0,0,0,0,0,0,0,0,0,0,0,0,0,0,0,0,0,0,0,0,0,0,0,0,0,0,0,0,0,0,0,0,0,0,0,0,0,0,0,0,0,0,0,0,0,0,0,0,0,0,0,0,0,0,0,0,0,0,0,0,0,0,0,0
34,SIBIU,CRISTIAN,143487,1,FINAL,UAT,P,P_CE,"2020-09-28 07:35:29",3534,3487,8,23,16,1872,1833,0,23,16,1815,57,3800,1928,0,0,0,0,0,0,0,0,0,0,0,0,0,0,0,0,0,0,0,0,0,0,0,0,0,0,0,0,0,0,0,0,0,0,0,0,0,0,0,0,0,0,0,0,0,0,0,0,0,0,0,0,0,0,0,0,0,0,0,0,359,934,522,0,0,0,0,0,0,0,0,0,0,0,0,0,0,0,0,0,0,0,0,0,0,0,0,0,0,0,0,0,0,0,0,0,0,0,0,0,0,0,0,0,0,0,0,0,0,0,0,0,0,0,0,0,0,0,0,0,0,0,0,0,0,0,0,0,0,0,0,0,0,0,0,0,0,0,0,0,0,0,0,0,0,0,0,0,0,0,0,0,0,0,0,0,0,0,0,0,0,0,0,0,0,0,0,0,0,0,0,0,0,0,0,0,0,0,0,0,0,0,0,0,0,0,0,0,0,0,0,0,0,0,0,0,0,0,0,0,0,0,0,0,0,0,0,0,0,0,0,0,0,0,0,0,0,0,0,0,0,0,0,0,0,0,0,0,0,0,0,0,0,0,0,0,0,0,0,0,0,0,0,0,0,0,0,0,0,0,0,0,0,0,0,0,0,0,0,0,0,0,0,0,0,0,0,0,0
34,SIBIU,DÂRLOS,144553,2,FINAL,UAT,P,P_CE,"2020-10-01 15:21:15",2864,2817,2,40,5,1302,1257,0,40,5,1242,60,3126,1824,0,0,0,0,0,0,0,0,0,0,0,0,0,0,0,0,0,0,0,0,0,0,0,0,0,0,0,0,0,0,0,0,0,0,0,0,0,0,0,0,0,0,0,0,0,0,0,0,0,0,0,0,0,0,0,0,0,0,0,0,0,0,0,73,69,26,843,45,60,126,0,0,0,0,0,0,0,0,0,0,0,0,0,0,0,0,0,0,0,0,0,0,0,0,0,0,0,0,0,0,0,0,0,0,0,0,0,0,0,0,0,0,0,0,0,0,0,0,0,0,0,0,0,0,0,0,0,0,0,0,0,0,0,0,0,0,0,0,0,0,0,0,0,0,0,0,0,0,0,0,0,0,0,0,0,0,0,0,0,0,0,0,0,0,0,0,0,0,0,0,0,0,0,0,0,0,0,0,0,0,0,0,0,0,0,0,0,0,0,0,0,0,0,0,0,0,0,0,0,0,0,0,0,0,0,0,0,0,0,0,0,0,0,0,0,0,0,0,0,0,0,0,0,0,0,0,0,0,0,0,0,0,0,0,0,0,0,0,0,0,0,0,0,0,0,0,0,0,0,0,0,0,0,0,0,0,0,0,0,0,0,0,0,0,0,0,0,0,0
34,SIBIU,"GURA RÂULUI",144599,1,FINAL,UAT,P,P_CE,"2020-09-28 10:21:35",2961,2894,4,20,43,2153,2091,0,20,42,2080,73,3198,1045,0,0,0,0,0,0,0,0,0,0,0,0,0,0,0,0,0,0,0,0,0,0,0,0,0,0,0,0,0,0,0,0,0,0,0,0,0,0,0,0,0,0,0,0,0,0,0,0,0,0,0,0,0,0,0,0,0,0,0,0,0,0,0,0,0,0,0,0,0,0,1255,693,132,0,0,0,0,0,0,0,0,0,0,0,0,0,0,0,0,0,0,0,0,0,0,0,0,0,0,0,0,0,0,0,0,0,0,0,0,0,0,0,0,0,0,0,0,0,0,0,0,0,0,0,0,0,0,0,0,0,0,0,0,0,0,0,0,0,0,0,0,0,0,0,0,0,0,0,0,0,0,0,0,0,0,0,0,0,0,0,0,0,0,0,0,0,0,0,0,0,0,0,0,0,0,0,0,0,0,0,0,0,0,0,0,0,0,0,0,0,0,0,0,0,0,0,0,0,0,0,0,0,0,0,0,0,0,0,0,0,0,0,0,0,0,0,0,0,0,0,0,0,0,0,0,0,0,0,0,0,0,0,0,0,0,0,0,0,0,0,0,0,0,0,0,0,0,0,0,0,0,0,0,0,0,0,0,0,0,0,0,0,0,0,0,0,0,0,0
34,SIBIU,HOGHILAG,144615,1,FINAL,UAT,P,P_CE,"2020-09-28 05:04:21",1868,1817,8,22,21,1067,1021,3,22,21,1006,61,2000,933,0,0,0,0,0,0,0,0,0,0,0,0,0,0,0,0,0,0,0,0,0,0,0,0,0,0,0,0,0,0,0,0,0,0,0,0,0,0,0,0,0,0,0,0,0,0,0,0,0,0,0,0,0,0,0,0,0,0,0,0,0,0,0,0,0,0,0,0,0,0,0,0,0,112,847,47,0,0,0,0,0,0,0,0,0,0,0,0,0,0,0,0,0,0,0,0,0,0,0,0,0,0,0,0,0,0,0,0,0,0,0,0,0,0,0,0,0,0,0,0,0,0,0,0,0,0,0,0,0,0,0,0,0,0,0,0,0,0,0,0,0,0,0,0,0,0,0,0,0,0,0,0,0,0,0,0,0,0,0,0,0,0,0,0,0,0,0,0,0,0,0,0,0,0,0,0,0,0,0,0,0,0,0,0,0,0,0,0,0,0,0,0,0,0,0,0,0,0,0,0,0,0,0,0,0,0,0,0,0,0,0,0,0,0,0,0,0,0,0,0,0,0,0,0,0,0,0,0,0,0,0,0,0,0,0,0,0,0,0,0,0,0,0,0,0,0,0,0,0,0,0,0,0,0,0,0,0,0,0,0,0,0,0,0,0,0,0,0,0
34,SIBIU,IACOBENI,144651,1,FINAL,UAT,P,P_CE,"2020-09-28 08:48:08",2419,2398,1,14,6,1276,1255,1,14,6,1233,43,2700,1424,0,0,0,0,0,0,0,0,0,0,0,0,0,0,0,0,0,0,0,0,0,0,0,0,0,0,0,0,0,0,0,0,0,0,0,0,0,0,0,0,0,0,0,0,0,0,0,0,0,0,0,0,0,0,0,0,0,0,0,0,0,0,0,0,0,0,0,0,0,0,0,0,0,0,0,0,148,170,24,891,0,0,0,0,0,0,0,0,0,0,0,0,0,0,0,0,0,0,0,0,0,0,0,0,0,0,0,0,0,0,0,0,0,0,0,0,0,0,0,0,0,0,0,0,0,0,0,0,0,0,0,0,0,0,0,0,0,0,0,0,0,0,0,0,0,0,0,0,0,0,0,0,0,0,0,0,0,0,0,0,0,0,0,0,0,0,0,0,0,0,0,0,0,0,0,0,0,0,0,0,0,0,0,0,0,0,0,0,0,0,0,0,0,0,0,0,0,0,0,0,0,0,0,0,0,0,0,0,0,0,0,0,0,0,0,0,0,0,0,0,0,0,0,0,0,0,0,0,0,0,0,0,0,0,0,0,0,0,0,0,0,0,0,0,0,0,0,0,0,0,0,0,0,0,0,0,0,0,0,0,0,0,0,0,0,0,0,0,0
34,SIBIU,JINA,144713,1,FINAL,UAT,P,P_CE,"2020-09-28 07:06:32",2755,2685,0,46,24,1679,1610,0,46,23,1526,153,3000,1321,0,0,0,0,0,0,0,0,0,0,0,0,0,0,0,0,0,0,0,0,0,0,0,0,0,0,0,0,0,0,0,0,0,0,0,0,0,0,0,0,0,0,0,0,0,0,0,0,0,0,0,0,0,0,0,0,0,0,0,0,0,0,0,0,0,0,0,0,0,0,0,0,0,0,0,0,0,0,0,0,45,519,871,91,0,0,0,0,0,0,0,0,0,0,0,0,0,0,0,0,0,0,0,0,0,0,0,0,0,0,0,0,0,0,0,0,0,0,0,0,0,0,0,0,0,0,0,0,0,0,0,0,0,0,0,0,0,0,0,0,0,0,0,0,0,0,0,0,0,0,0,0,0,0,0,0,0,0,0,0,0,0,0,0,0,0,0,0,0,0,0,0,0,0,0,0,0,0,0,0,0,0,0,0,0,0,0,0,0,0,0,0,0,0,0,0,0,0,0,0,0,0,0,0,0,0,0,0,0,0,0,0,0,0,0,0,0,0,0,0,0,0,0,0,0,0,0,0,0,0,0,0,0,0,0,0,0,0,0,0,0,0,0,0,0,0,0,0,0,0,0,0,0,0,0,0,0,0,0,0,0,0,0,0,0,0,0,0,0
34,SIBIU,LASLEA,144731,1,FINAL,UAT,P,P_CE,"2020-09-28 13:05:49",3370,3247,14,87,22,1546,1433,4,87,22,1483,63,3667,2121,0,0,0,0,0,0,0,0,0,0,0,0,0,0,0,0,0,0,0,0,0,0,0,0,0,0,0,0,0,0,0,0,0,0,0,0,0,0,0,0,0,0,0,0,0,0,0,0,0,0,0,0,0,0,0,0,0,0,0,0,0,0,0,0,0,0,0,0,0,0,0,0,0,0,0,0,0,0,0,0,0,0,0,0,705,616,97,65,0,0,0,0,0,0,0,0,0,0,0,0,0,0,0,0,0,0,0,0,0,0,0,0,0,0,0,0,0,0,0,0,0,0,0,0,0,0,0,0,0,0,0,0,0,0,0,0,0,0,0,0,0,0,0,0,0,0,0,0,0,0,0,0,0,0,0,0,0,0,0,0,0,0,0,0,0,0,0,0,0,0,0,0,0,0,0,0,0,0,0,0,0,0,0,0,0,0,0,0,0,0,0,0,0,0,0,0,0,0,0,0,0,0,0,0,0,0,0,0,0,0,0,0,0,0,0,0,0,0,0,0,0,0,0,0,0,0,0,0,0,0,0,0,0,0,0,0,0,0,0,0,0,0,0,0,0,0,0,0,0,0,0,0,0,0,0,0,0,0,0,0,0,0,0,0,0,0,0,0,0
34,SIBIU,LOAMNEŞ,144795,1,FINAL,UAT,P,P_CE,"2020-09-28 04:07:15",2413,2310,3,45,55,1372,1269,3,45,55,1319,53,2621,1249,0,0,0,0,0,0,0,0,0,0,0,0,0,0,0,0,0,0,0,0,0,0,0,0,0,0,0,0,0,0,0,0,0,0,0,0,0,0,0,0,0,0,0,0,0,0,0,0,0,0,0,0,0,0,0,0,0,0,0,0,0,0,0,0,0,0,0,0,0,0,0,0,0,0,0,0,0,0,0,0,0,0,0,0,0,0,0,0,984,262,73,0,0,0,0,0,0,0,0,0,0,0,0,0,0,0,0,0,0,0,0,0,0,0,0,0,0,0,0,0,0,0,0,0,0,0,0,0,0,0,0,0,0,0,0,0,0,0,0,0,0,0,0,0,0,0,0,0,0,0,0,0,0,0,0,0,0,0,0,0,0,0,0,0,0,0,0,0,0,0,0,0,0,0,0,0,0,0,0,0,0,0,0,0,0,0,0,0,0,0,0,0,0,0,0,0,0,0,0,0,0,0,0,0,0,0,0,0,0,0,0,0,0,0,0,0,0,0,0,0,0,0,0,0,0,0,0,0,0,0,0,0,0,0,0,0,0,0,0,0,0,0,0,0,0,0,0,0,0,0,0,0,0,0,0,0,0,0,0,0,0,0,0,0,0,0,0,0,0
34,SIBIU,LUDOŞ,144866,1,FINAL,UAT,P,P_CE,"2020-09-28 06:43:02",614,545,3,43,23,323,257,0,43,23,306,17,602,279,0,0,0,0,0,0,0,0,0,0,0,0,0,0,0,0,0,0,0,0,0,0,0,0,0,0,0,0,0,0,0,0,0,0,0,0,0,0,0,0,0,0,0,0,0,0,0,0,0,0,0,0,0,0,0,0,0,0,0,0,0,0,0,0,0,0,0,0,0,0,0,0,0,0,0,0,0,0,0,0,0,0,0,0,0,0,0,0,0,0,0,32,256,18,0,0,0,0,0,0,0,0,0,0,0,0,0,0,0,0,0,0,0,0,0,0,0,0,0,0,0,0,0,0,0,0,0,0,0,0,0,0,0,0,0,0,0,0,0,0,0,0,0,0,0,0,0,0,0,0,0,0,0,0,0,0,0,0,0,0,0,0,0,0,0,0,0,0,0,0,0,0,0,0,0,0,0,0,0,0,0,0,0,0,0,0,0,0,0,0,0,0,0,0,0,0,0,0,0,0,0,0,0,0,0,0,0,0,0,0,0,0,0,0,0,0,0,0,0,0,0,0,0,0,0,0,0,0,0,0,0,0,0,0,0,0,0,0,0,0,0,0,0,0,0,0,0,0,0,0,0,0,0,0,0,0,0,0,0,0,0,0,0,0,0,0,0,0,0
34,SIBIU,MARPOD,144893,1,FINAL,UAT,P,P_CE,"2020-09-28 03:31:13",732,690,5,30,7,406,368,1,30,7,381,25,800,394,0,0,0,0,0,0,0,0,0,0,0,0,0,0,0,0,0,0,0,0,0,0,0,0,0,0,0,0,0,0,0,0,0,0,0,0,0,0,0,0,0,0,0,0,0,0,0,0,0,0,0,0,0,0,0,0,0,0,0,0,0,0,0,0,0,0,0,0,0,0,0,0,0,0,0,0,0,0,0,0,0,0,0,0,0,0,0,0,0,0,0,0,0,0,334,32,15,0,0,0,0,0,0,0,0,0,0,0,0,0,0,0,0,0,0,0,0,0,0,0,0,0,0,0,0,0,0,0,0,0,0,0,0,0,0,0,0,0,0,0,0,0,0,0,0,0,0,0,0,0,0,0,0,0,0,0,0,0,0,0,0,0,0,0,0,0,0,0,0,0,0,0,0,0,0,0,0,0,0,0,0,0,0,0,0,0,0,0,0,0,0,0,0,0,0,0,0,0,0,0,0,0,0,0,0,0,0,0,0,0,0,0,0,0,0,0,0,0,0,0,0,0,0,0,0,0,0,0,0,0,0,0,0,0,0,0,0,0,0,0,0,0,0,0,0,0,0,0,0,0,0,0,0,0,0,0,0,0,0,0,0,0,0,0,0,0,0,0,0
34,SIBIU,MERGHINDEAL,144964,1,FINAL,UAT,P,P_CE,"2020-09-28 05:30:28",1337,1244,1,38,54,722,630,0,38,54,691,31,1404,682,0,0,0,0,0,0,0,0,0,0,0,0,0,0,0,0,0,0,0,0,0,0,0,0,0,0,0,0,0,0,0,0,0,0,0,0,0,0,0,0,0,0,0,0,0,0,0,0,0,0,0,0,0,0,0,0,0,0,0,0,0,0,0,0,0,0,0,0,0,0,0,0,0,0,0,0,0,0,0,0,0,0,0,0,0,0,0,0,0,0,0,0,0,0,0,0,0,422,241,28,0,0,0,0,0,0,0,0,0,0,0,0,0,0,0,0,0,0,0,0,0,0,0,0,0,0,0,0,0,0,0,0,0,0,0,0,0,0,0,0,0,0,0,0,0,0,0,0,0,0,0,0,0,0,0,0,0,0,0,0,0,0,0,0,0,0,0,0,0,0,0,0,0,0,0,0,0,0,0,0,0,0,0,0,0,0,0,0,0,0,0,0,0,0,0,0,0,0,0,0,0,0,0,0,0,0,0,0,0,0,0,0,0,0,0,0,0,0,0,0,0,0,0,0,0,0,0,0,0,0,0,0,0,0,0,0,0,0,0,0,0,0,0,0,0,0,0,0,0,0,0,0,0,0,0,0,0,0,0,0,0,0,0,0,0,0,0,0,0
34,SIBIU,MICĂSASA,144991,1,FINAL,UAT,P,P_CE,"2020-09-28 09:11:02",1891,1777,1,71,42,1288,1174,1,71,42,1259,29,2000,712,0,0,0,0,0,0,0,0,0,0,0,0,0,0,0,0,0,0,0,0,0,0,0,0,0,0,0,0,0,0,0,0,0,0,0,0,0,0,0,0,0,0,0,0,0,0,0,0,0,0,0,0,0,0,0,0,0,0,0,0,0,0,0,0,0,0,0,0,0,0,0,0,0,0,0,0,0,0,0,0,0,0,0,0,0,0,0,0,0,0,0,0,0,0,0,0,0,0,0,0,515,175,12,557,0,0,0,0,0,0,0,0,0,0,0,0,0,0,0,0,0,0,0,0,0,0,0,0,0,0,0,0,0,0,0,0,0,0,0,0,0,0,0,0,0,0,0,0,0,0,0,0,0,0,0,0,0,0,0,0,0,0,0,0,0,0,0,0,0,0,0,0,0,0,0,0,0,0,0,0,0,0,0,0,0,0,0,0,0,0,0,0,0,0,0,0,0,0,0,0,0,0,0,0,0,0,0,0,0,0,0,0,0,0,0,0,0,0,0,0,0,0,0,0,0,0,0,0,0,0,0,0,0,0,0,0,0,0,0,0,0,0,0,0,0,0,0,0,0,0,0,0,0,0,0,0,0,0,0,0,0,0,0,0,0,0,0,0,0
34,SIBIU,MIHĂILENI,145042,1,FINAL,UAT,P,P_CE,"2020-09-28 01:48:50",760,752,2,6,0,322,315,1,6,0,308,14,794,472,0,0,0,0,0,0,0,0,0,0,0,0,0,0,0,0,0,0,0,0,0,0,0,0,0,0,0,0,0,0,0,0,0,0,0,0,0,0,0,0,0,0,0,0,0,0,0,0,0,0,0,0,0,0,0,0,0,0,0,0,0,0,0,0,0,0,0,0,0,0,0,0,0,0,0,0,0,0,0,0,0,0,0,0,0,0,0,0,0,0,0,0,0,0,0,0,0,0,0,0,0,0,0,0,222,86,0,0,0,0,0,0,0,0,0,0,0,0,0,0,0,0,0,0,0,0,0,0,0,0,0,0,0,0,0,0,0,0,0,0,0,0,0,0,0,0,0,0,0,0,0,0,0,0,0,0,0,0,0,0,0,0,0,0,0,0,0,0,0,0,0,0,0,0,0,0,0,0,0,0,0,0,0,0,0,0,0,0,0,0,0,0,0,0,0,0,0,0,0,0,0,0,0,0,0,0,0,0,0,0,0,0,0,0,0,0,0,0,0,0,0,0,0,0,0,0,0,0,0,0,0,0,0,0,0,0,0,0,0,0,0,0,0,0,0,0,0,0,0,0,0,0,0,0,0,0,0,0,0,0,0,0,0,0,0,0,0,0,0
34,SIBIU,MOŞNA,145104,1,FINAL,UAT,P,P_CE,"2020-09-28 06:07:19",2912,2872,17,23,0,1430,1398,9,23,0,1359,71,3200,1770,0,0,0,0,0,0,0,0,0,0,0,0,0,0,0,0,0,0,0,0,0,0,0,0,0,0,0,0,0,0,0,0,0,0,0,0,0,0,0,0,0,0,0,0,0,0,0,0,0,0,0,0,0,0,0,0,0,0,0,0,0,0,0,0,0,0,0,0,0,0,0,0,0,0,0,0,0,0,0,0,0,0,0,0,0,0,0,0,0,0,0,0,0,0,0,0,0,0,0,0,0,0,0,0,0,0,402,505,316,28,108,0,0,0,0,0,0,0,0,0,0,0,0,0,0,0,0,0,0,0,0,0,0,0,0,0,0,0,0,0,0,0,0,0,0,0,0,0,0,0,0,0,0,0,0,0,0,0,0,0,0,0,0,0,0,0,0,0,0,0,0,0,0,0,0,0,0,0,0,0,0,0,0,0,0,0,0,0,0,0,0,0,0,0,0,0,0,0,0,0,0,0,0,0,0,0,0,0,0,0,0,0,0,0,0,0,0,0,0,0,0,0,0,0,0,0,0,0,0,0,0,0,0,0,0,0,0,0,0,0,0,0,0,0,0,0,0,0,0,0,0,0,0,0,0,0,0,0,0,0,0,0,0,0,0,0,0,0,0
34,SIBIU,"MUNICIPIUL MEDIAŞ",143619,1,FINAL,UAT,P,P_CE,"2020-09-29 17:30:55",48423,47848,115,382,78,14772,14310,2,382,78,14336,416,53391,38639,0,0,0,0,0,0,0,0,0,0,0,0,0,0,0,0,0,0,0,0,0,0,0,0,0,0,0,0,0,0,0,0,0,0,0,0,0,0,0,0,0,0,0,0,0,0,0,0,0,0,0,0,0,0,0,0,0,0,0,0,0,0,0,0,0,0,0,0,0,0,0,0,0,0,0,0,0,0,0,0,0,0,0,0,0,0,0,0,0,0,0,0,0,0,0,0,0,0,0,0,0,0,0,0,0,0,0,0,0,0,0,393,10561,250,1831,164,1137,0,0,0,0,0,0,0,0,0,0,0,0,0,0,0,0,0,0,0,0,0,0,0,0,0,0,0,0,0,0,0,0,0,0,0,0,0,0,0,0,0,0,0,0,0,0,0,0,0,0,0,0,0,0,0,0,0,0,0,0,0,0,0,0,0,0,0,0,0,0,0,0,0,0,0,0,0,0,0,0,0,0,0,0,0,0,0,0,0,0,0,0,0,0,0,0,0,0,0,0,0,0,0,0,0,0,0,0,0,0,0,0,0,0,0,0,0,0,0,0,0,0,0,0,0,0,0,0,0,0,0,0,0,0,0,0,0,0,0,0,0,0,0,0,0,0,0,0,0,0,0,0
34,SIBIU,"MUNICIPIUL SIBIU",143450,1,FINAL,UAT,P,P_CE,"2020-09-28 21:46:34",141713,139770,800,942,201,48257,47111,28,928,190,47448,798,154590,106143,0,0,0,0,0,0,0,0,0,0,0,0,0,0,0,0,0,0,0,0,0,0,0,0,0,0,0,0,0,0,0,0,0,0,0,0,0,0,0,0,0,0,0,0,0,0,0,0,0,0,0,0,0,0,0,0,0,0,0,0,0,0,0,0,0,0,0,0,0,0,0,0,0,0,0,0,0,0,0,0,0,0,0,0,0,0,0,0,0,0,0,0,0,0,0,0,0,0,0,0,0,0,0,0,0,0,0,0,0,0,0,0,0,0,0,0,0,536,563,768,3769,20425,14773,80,4862,708,296,154,514,0,0,0,0,0,0,0,0,0,0,0,0,0,0,0,0,0,0,0,0,0,0,0,0,0,0,0,0,0,0,0,0,0,0,0,0,0,0,0,0,0,0,0,0,0,0,0,0,0,0,0,0,0,0,0,0,0,0,0,0,0,0,0,0,0,0,0,0,0,0,0,0,0,0,0,0,0,0,0,0,0,0,0,0,0,0,0,0,0,0,0,0,0,0,0,0,0,0,0,0,0,0,0,0,0,0,0,0,0,0,0,0,0,0,0,0,0,0,0,0,0,0,0,0,0,0,0,0,0,0,0,0,0,0,0,0,0,0,0,0
34,SIBIU,NOCRICH,145140,1,FINAL,UAT,P,P_CE,"2020-09-28 08:59:56",2406,2330,4,56,16,1525,1451,2,56,16,1458,67,2599,1074,0,0,0,0,0,0,0,0,0,0,0,0,0,0,0,0,0,0,0,0,0,0,0,0,0,0,0,0,0,0,0,0,0,0,0,0,0,0,0,0,0,0,0,0,0,0,0,0,0,0,0,0,0,0,0,0,0,0,0,0,0,0,0,0,0,0,0,0,0,0,0,0,0,0,0,0,0,0,0,0,0,0,0,0,0,0,0,0,0,0,0,0,0,0,0,0,0,0,0,0,0,0,0,0,0,0,0,0,0,0,0,0,0,0,0,0,0,0,0,0,0,0,0,0,0,0,0,0,0,867,27,551,13,0,0,0,0,0,0,0,0,0,0,0,0,0,0,0,0,0,0,0,0,0,0,0,0,0,0,0,0,0,0,0,0,0,0,0,0,0,0,0,0,0,0,0,0,0,0,0,0,0,0,0,0,0,0,0,0,0,0,0,0,0,0,0,0,0,0,0,0,0,0,0,0,0,0,0,0,0,0,0,0,0,0,0,0,0,0,0,0,0,0,0,0,0,0,0,0,0,0,0,0,0,0,0,0,0,0,0,0,0,0,0,0,0,0,0,0,0,0,0,0,0,0,0,0,0,0,0,0,0,0,0,0,0,0,0,0
34,SIBIU,"ORAŞ AGNITA",143682,1,FINAL,UAT,P,P_CE,"2020-09-28 12:54:05",9697,9550,16,101,30,3768,3634,3,101,30,3662,106,10600,6832,0,0,0,0,0,0,0,0,0,0,0,0,0,0,0,0,0,0,0,0,0,0,0,0,0,0,0,0,0,0,0,0,0,0,0,0,0,0,0,0,0,0,0,0,0,0,0,0,0,0,0,0,0,0,0,0,0,0,0,0,0,0,0,0,0,0,0,0,0,0,0,0,0,0,0,0,0,0,0,0,0,0,0,0,0,0,0,0,0,0,0,0,0,0,0,0,0,0,0,0,0,0,0,0,0,0,0,0,0,0,0,0,0,0,0,0,0,0,0,0,0,0,0,0,0,0,0,0,0,0,0,0,0,124,120,1897,461,858,50,152,0,0,0,0,0,0,0,0,0,0,0,0,0,0,0,0,0,0,0,0,0,0,0,0,0,0,0,0,0,0,0,0,0,0,0,0,0,0,0,0,0,0,0,0,0,0,0,0,0,0,0,0,0,0,0,0,0,0,0,0,0,0,0,0,0,0,0,0,0,0,0,0,0,0,0,0,0,0,0,0,0,0,0,0,0,0,0,0,0,0,0,0,0,0,0,0,0,0,0,0,0,0,0,0,0,0,0,0,0,0,0,0,0,0,0,0,0,0,0,0,0,0,0,0,0,0,0,0,0
34,SIBIU,"ORAŞ AVRIG",144054,1,FINAL,UAT,P,P_CE,"2020-09-28 11:57:02",12355,12241,26,77,11,5657,5566,3,77,11,5498,154,13600,7948,0,0,0,0,0,0,0,0,0,0,0,0,0,0,0,0,0,0,0,0,0,0,0,0,0,0,0,0,0,0,0,0,0,0,0,0,0,0,0,0,0,0,0,0,0,0,0,0,0,0,0,0,0,0,0,0,0,0,0,0,0,0,0,0,0,0,0,0,0,0,0,0,0,0,0,0,0,0,0,0,0,0,0,0,0,0,0,0,0,0,0,0,0,0,0,0,0,0,0,0,0,0,0,0,0,0,0,0,0,0,0,0,0,0,0,0,0,0,0,0,0,0,0,0,0,0,0,0,0,0,0,0,0,0,0,0,0,0,0,0,3021,434,1353,454,236,0,0,0,0,0,0,0,0,0,0,0,0,0,0,0,0,0,0,0,0,0,0,0,0,0,0,0,0,0,0,0,0,0,0,0,0,0,0,0,0,0,0,0,0,0,0,0,0,0,0,0,0,0,0,0,0,0,0,0,0,0,0,0,0,0,0,0,0,0,0,0,0,0,0,0,0,0,0,0,0,0,0,0,0,0,0,0,0,0,0,0,0,0,0,0,0,0,0,0,0,0,0,0,0,0,0,0,0,0,0,0,0,0,0,0,0,0,0,0,0,0,0,0,0
34,SIBIU,"ORAŞ CISNĂDIE",143735,1,FINAL,UAT,P,P_CE,"2020-09-28 12:58:36",20080,19731,154,187,8,7148,6944,9,187,8,6987,161,21999,14851,0,0,0,0,0,0,0,0,0,0,0,0,0,0,0,0,0,0,0,0,0,0,0,0,0,0,0,0,0,0,0,0,0,0,0,0,0,0,0,0,0,0,0,0,0,0,0,0,0,0,0,0,0,0,0,0,0,0,0,0,0,0,0,0,0,0,0,0,0,0,0,0,0,0,0,0,0,0,0,0,0,0,0,0,0,0,0,0,0,0,0,0,0,0,0,0,0,0,0,0,0,0,0,0,0,0,0,0,0,0,0,0,0,0,0,0,0,0,0,0,0,0,0,0,0,0,0,0,0,0,0,0,0,0,0,0,0,0,0,0,0,0,0,0,0,270,448,2626,106,335,657,358,1958,132,97,0,0,0,0,0,0,0,0,0,0,0,0,0,0,0,0,0,0,0,0,0,0,0,0,0,0,0,0,0,0,0,0,0,0,0,0,0,0,0,0,0,0,0,0,0,0,0,0,0,0,0,0,0,0,0,0,0,0,0,0,0,0,0,0,0,0,0,0,0,0,0,0,0,0,0,0,0,0,0,0,0,0,0,0,0,0,0,0,0,0,0,0,0,0,0,0,0,0,0,0,0,0,0,0,0,0,0,0,0,0,0,0,0,0
34,SIBIU,"ORAŞ COPŞA MICĂ",143771,1,FINAL,UAT,P,P_CE,"2020-09-28 06:25:19",4693,4606,2,80,5,1846,1761,0,80,5,1772,74,5100,3254,0,0,0,0,0,0,0,0,0,0,0,0,0,0,0,0,0,0,0,0,0,0,0,0,0,0,0,0,0,0,0,0,0,0,0,0,0,0,0,0,0,0,0,0,0,0,0,0,0,0,0,0,0,0,0,0,0,0,0,0,0,0,0,0,0,0,0,0,0,0,0,0,0,0,0,0,0,0,0,0,0,0,0,0,0,0,0,0,0,0,0,0,0,0,0,0,0,0,0,0,0,0,0,0,0,0,0,0,0,0,0,0,0,0,0,0,0,0,0,0,0,0,0,0,0,0,0,0,0,0,0,0,0,0,0,0,0,0,0,0,0,0,0,0,0,0,0,0,0,0,0,0,0,0,0,1035,172,565,0,0,0,0,0,0,0,0,0,0,0,0,0,0,0,0,0,0,0,0,0,0,0,0,0,0,0,0,0,0,0,0,0,0,0,0,0,0,0,0,0,0,0,0,0,0,0,0,0,0,0,0,0,0,0,0,0,0,0,0,0,0,0,0,0,0,0,0,0,0,0,0,0,0,0,0,0,0,0,0,0,0,0,0,0,0,0,0,0,0,0,0,0,0,0,0,0,0,0,0,0,0,0,0,0,0,0,0,0,0,0
34,SIBIU,"ORAŞ DUMBRĂVENI",143806,1,FINAL,UAT,P,P_CE,"2020-09-28 07:36:23",6729,6603,11,51,64,3054,2938,1,51,64,2940,114,7311,4257,0,0,0,0,0,0,0,0,0,0,0,0,0,0,0,0,0,0,0,0,0,0,0,0,0,0,0,0,0,0,0,0,0,0,0,0,0,0,0,0,0,0,0,0,0,0,0,0,0,0,0,0,0,0,0,0,0,0,0,0,0,0,0,0,0,0,0,0,0,0,0,0,0,0,0,0,0,0,0,0,0,0,0,0,0,0,0,0,0,0,0,0,0,0,0,0,0,0,0,0,0,0,0,0,0,0,0,0,0,0,0,0,0,0,0,0,0,0,0,0,0,0,0,0,0,0,0,0,0,0,0,0,0,0,0,0,0,0,0,0,0,0,0,0,0,0,0,0,0,0,0,0,0,0,0,0,0,0,194,1516,33,849,154,194,0,0,0,0,0,0,0,0,0,0,0,0,0,0,0,0,0,0,0,0,0,0,0,0,0,0,0,0,0,0,0,0,0,0,0,0,0,0,0,0,0,0,0,0,0,0,0,0,0,0,0,0,0,0,0,0,0,0,0,0,0,0,0,0,0,0,0,0,0,0,0,0,0,0,0,0,0,0,0,0,0,0,0,0,0,0,0,0,0,0,0,0,0,0,0,0,0,0,0,0,0,0,0,0,0
34,SIBIU,"ORAŞ MIERCUREA SIBIULUI",144928,1,FINAL,UAT,P,P_CE,"2020-09-28 08:04:13",4027,3847,13,112,55,1950,1779,4,112,55,1875,75,4321,2371,0,0,0,0,0,0,0,0,0,0,0,0,0,0,0,0,0,0,0,0,0,0,0,0,0,0,0,0,0,0,0,0,0,0,0,0,0,0,0,0,0,0,0,0,0,0,0,0,0,0,0,0,0,0,0,0,0,0,0,0,0,0,0,0,0,0,0,0,0,0,0,0,0,0,0,0,0,0,0,0,0,0,0,0,0,0,0,0,0,0,0,0,0,0,0,0,0,0,0,0,0,0,0,0,0,0,0,0,0,0,0,0,0,0,0,0,0,0,0,0,0,0,0,0,0,0,0,0,0,0,0,0,0,0,0,0,0,0,0,0,0,0,0,0,0,0,0,0,0,0,0,0,0,0,0,0,0,0,0,0,0,0,0,0,563,963,156,193,0,0,0,0,0,0,0,0,0,0,0,0,0,0,0,0,0,0,0,0,0,0,0,0,0,0,0,0,0,0,0,0,0,0,0,0,0,0,0,0,0,0,0,0,0,0,0,0,0,0,0,0,0,0,0,0,0,0,0,0,0,0,0,0,0,0,0,0,0,0,0,0,0,0,0,0,0,0,0,0,0,0,0,0,0,0,0,0,0,0,0,0,0,0,0,0,0,0,0,0,0
34,SIBIU,"ORAŞ OCNA SIBIULUI",143851,1,FINAL,UAT,P,P_CE,"2020-09-28 08:28:28",3530,3462,7,46,15,1920,1858,1,46,15,1856,64,3800,1880,0,0,0,0,0,0,0,0,0,0,0,0,0,0,0,0,0,0,0,0,0,0,0,0,0,0,0,0,0,0,0,0,0,0,0,0,0,0,0,0,0,0,0,0,0,0,0,0,0,0,0,0,0,0,0,0,0,0,0,0,0,0,0,0,0,0,0,0,0,0,0,0,0,0,0,0,0,0,0,0,0,0,0,0,0,0,0,0,0,0,0,0,0,0,0,0,0,0,0,0,0,0,0,0,0,0,0,0,0,0,0,0,0,0,0,0,0,0,0,0,0,0,0,0,0,0,0,0,0,0,0,0,0,0,0,0,0,0,0,0,0,0,0,0,0,0,0,0,0,0,0,0,0,0,0,0,0,0,0,0,0,0,0,0,0,0,0,0,386,138,272,1060,0,0,0,0,0,0,0,0,0,0,0,0,0,0,0,0,0,0,0,0,0,0,0,0,0,0,0,0,0,0,0,0,0,0,0,0,0,0,0,0,0,0,0,0,0,0,0,0,0,0,0,0,0,0,0,0,0,0,0,0,0,0,0,0,0,0,0,0,0,0,0,0,0,0,0,0,0,0,0,0,0,0,0,0,0,0,0,0,0,0,0,0,0,0,0,0,0
34,SIBIU,"ORAŞ SĂLIŞTE",145499,1,FINAL,UAT,P,P_CE,"2020-09-28 09:31:20",4993,4728,19,156,90,2905,2655,5,156,89,2809,81,5304,2414,0,0,0,0,0,0,0,0,0,0,0,0,0,0,0,0,0,0,0,0,0,0,0,0,0,0,0,0,0,0,0,0,0,0,0,0,0,0,0,0,0,0,0,0,0,0,0,0,0,0,0,0,0,0,0,0,0,0,0,0,0,0,0,0,0,0,0,0,0,0,0,0,0,0,0,0,0,0,0,0,0,0,0,0,0,0,0,0,0,0,0,0,0,0,0,0,0,0,0,0,0,0,0,0,0,0,0,0,0,0,0,0,0,0,0,0,0,0,0,0,0,0,0,0,0,0,0,0,0,0,0,0,0,0,0,0,0,0,0,0,0,0,0,0,0,0,0,0,0,0,0,0,0,0,0,0,0,0,0,0,0,0,0,0,0,0,0,0,0,0,0,0,1977,681,151,0,0,0,0,0,0,0,0,0,0,0,0,0,0,0,0,0,0,0,0,0,0,0,0,0,0,0,0,0,0,0,0,0,0,0,0,0,0,0,0,0,0,0,0,0,0,0,0,0,0,0,0,0,0,0,0,0,0,0,0,0,0,0,0,0,0,0,0,0,0,0,0,0,0,0,0,0,0,0,0,0,0,0,0,0,0,0,0,0,0,0,0,0,0
34,SIBIU,"ORAŞ TĂLMACIU",145827,1,FINAL,UAT,P,P_CE,"2020-09-28 11:07:52",6699,6610,10,54,25,3517,3437,1,54,25,3340,174,7300,3786,0,0,0,0,0,0,0,0,0,0,0,0,0,0,0,0,0,0,0,0,0,0,0,0,0,0,0,0,0,0,0,0,0,0,0,0,0,0,0,0,0,0,0,0,0,0,0,0,0,0,0,0,0,0,0,0,0,0,0,0,0,0,0,0,0,0,0,0,0,0,0,0,0,0,0,0,0,0,0,0,0,0,0,0,0,0,0,0,0,0,0,0,0,0,0,0,0,0,0,0,0,0,0,0,0,0,0,0,0,0,0,0,0,0,0,0,0,0,0,0,0,0,0,0,0,0,0,0,0,0,0,0,0,0,0,0,0,0,0,0,0,0,0,0,0,0,0,0,0,0,0,0,0,0,0,0,0,0,0,0,0,0,0,0,0,0,0,0,0,0,0,0,0,0,0,1241,400,64,13,909,238,374,39,62,0,0,0,0,0,0,0,0,0,0,0,0,0,0,0,0,0,0,0,0,0,0,0,0,0,0,0,0,0,0,0,0,0,0,0,0,0,0,0,0,0,0,0,0,0,0,0,0,0,0,0,0,0,0,0,0,0,0,0,0,0,0,0,0,0,0,0,0,0,0,0,0,0,0,0,0,0,0,0,0,0,0,0,0,0
34,SIBIU,ORLAT,145202,1,FINAL,UAT,P,P_CE,"2020-09-28 04:53:15",2654,2602,7,34,11,1567,1519,3,34,11,1516,51,2882,1315,0,0,0,0,0,0,0,0,0,0,0,0,0,0,0,0,0,0,0,0,0,0,0,0,0,0,0,0,0,0,0,0,0,0,0,0,0,0,0,0,0,0,0,0,0,0,0,0,0,0,0,0,0,0,0,0,0,0,0,0,0,0,0,0,0,0,0,0,0,0,0,0,0,0,0,0,0,0,0,0,0,0,0,0,0,0,0,0,0,0,0,0,0,0,0,0,0,0,0,0,0,0,0,0,0,0,0,0,0,0,0,0,0,0,0,0,0,0,0,0,0,0,0,0,0,0,0,0,0,0,0,0,0,0,0,0,0,0,0,0,0,0,0,0,0,0,0,0,0,0,0,0,0,0,0,0,0,0,0,0,0,0,0,0,0,0,0,0,0,0,0,0,0,0,0,0,0,0,0,0,0,0,0,0,164,830,69,453,0,0,0,0,0,0,0,0,0,0,0,0,0,0,0,0,0,0,0,0,0,0,0,0,0,0,0,0,0,0,0,0,0,0,0,0,0,0,0,0,0,0,0,0,0,0,0,0,0,0,0,0,0,0,0,0,0,0,0,0,0,0,0,0,0,0,0,0,0,0,0,0,0,0,0,0,0,0,0,0,0
34,SIBIU,PĂUCA,145220,1,FINAL,UAT,P,P_CE,"2020-09-28 04:28:02",1590,1560,0,15,15,861,831,0,15,15,819,42,1700,839,0,0,0,0,0,0,0,0,0,0,0,0,0,0,0,0,0,0,0,0,0,0,0,0,0,0,0,0,0,0,0,0,0,0,0,0,0,0,0,0,0,0,0,0,0,0,0,0,0,0,0,0,0,0,0,0,0,0,0,0,0,0,0,0,0,0,0,0,0,0,0,0,0,0,0,0,0,0,0,0,0,0,0,0,0,0,0,0,0,0,0,0,0,0,0,0,0,0,0,0,0,0,0,0,0,0,0,0,0,0,0,0,0,0,0,0,0,0,0,0,0,0,0,0,0,0,0,0,0,0,0,0,0,0,0,0,0,0,0,0,0,0,0,0,0,0,0,0,0,0,0,0,0,0,0,0,0,0,0,0,0,0,0,0,0,0,0,0,0,0,0,0,0,0,0,0,0,0,0,0,0,0,0,0,0,0,0,0,819,0,0,0,0,0,0,0,0,0,0,0,0,0,0,0,0,0,0,0,0,0,0,0,0,0,0,0,0,0,0,0,0,0,0,0,0,0,0,0,0,0,0,0,0,0,0,0,0,0,0,0,0,0,0,0,0,0,0,0,0,0,0,0,0,0,0,0,0,0,0,0,0,0,0,0,0,0,0,0,0
34,SIBIU,"POIANA SIBIULUI",145275,1,FINAL,UAT,P,P_CE,"2020-09-28 05:12:50",1880,1733,0,97,50,1222,1075,0,97,50,1174,48,2000,778,0,0,0,0,0,0,0,0,0,0,0,0,0,0,0,0,0,0,0,0,0,0,0,0,0,0,0,0,0,0,0,0,0,0,0,0,0,0,0,0,0,0,0,0,0,0,0,0,0,0,0,0,0,0,0,0,0,0,0,0,0,0,0,0,0,0,0,0,0,0,0,0,0,0,0,0,0,0,0,0,0,0,0,0,0,0,0,0,0,0,0,0,0,0,0,0,0,0,0,0,0,0,0,0,0,0,0,0,0,0,0,0,0,0,0,0,0,0,0,0,0,0,0,0,0,0,0,0,0,0,0,0,0,0,0,0,0,0,0,0,0,0,0,0,0,0,0,0,0,0,0,0,0,0,0,0,0,0,0,0,0,0,0,0,0,0,0,0,0,0,0,0,0,0,0,0,0,0,0,0,0,0,0,0,0,0,0,0,0,684,437,53,0,0,0,0,0,0,0,0,0,0,0,0,0,0,0,0,0,0,0,0,0,0,0,0,0,0,0,0,0,0,0,0,0,0,0,0,0,0,0,0,0,0,0,0,0,0,0,0,0,0,0,0,0,0,0,0,0,0,0,0,0,0,0,0,0,0,0,0,0,0,0,0,0,0,0,0,0
34,SIBIU,POPLACA,143502,1,FINAL,UAT,P,P_CE,"2020-09-28 04:07:40",1432,1426,1,5,0,862,857,0,5,0,844,18,1600,738,0,0,0,0,0,0,0,0,0,0,0,0,0,0,0,0,0,0,0,0,0,0,0,0,0,0,0,0,0,0,0,0,0,0,0,0,0,0,0,0,0,0,0,0,0,0,0,0,0,0,0,0,0,0,0,0,0,0,0,0,0,0,0,0,0,0,0,0,0,0,0,0,0,0,0,0,0,0,0,0,0,0,0,0,0,0,0,0,0,0,0,0,0,0,0,0,0,0,0,0,0,0,0,0,0,0,0,0,0,0,0,0,0,0,0,0,0,0,0,0,0,0,0,0,0,0,0,0,0,0,0,0,0,0,0,0,0,0,0,0,0,0,0,0,0,0,0,0,0,0,0,0,0,0,0,0,0,0,0,0,0,0,0,0,0,0,0,0,0,0,0,0,0,0,0,0,0,0,0,0,0,0,0,0,0,0,0,0,0,0,0,0,193,651,0,0,0,0,0,0,0,0,0,0,0,0,0,0,0,0,0,0,0,0,0,0,0,0,0,0,0,0,0,0,0,0,0,0,0,0,0,0,0,0,0,0,0,0,0,0,0,0,0,0,0,0,0,0,0,0,0,0,0,0,0,0,0,0,0,0,0,0,0,0,0,0,0,0,0
34,SIBIU,"PORUMBACU DE JOS",145293,1,FINAL,UAT,P,P_CE,"2020-09-28 05:54:38",2680,2521,10,96,53,1649,1496,4,96,53,1572,49,2804,1177,0,0,0,0,0,0,0,0,0,0,0,0,0,0,0,0,0,0,0,0,0,0,0,0,0,0,0,0,0,0,0,0,0,0,0,0,0,0,0,0,0,0,0,0,0,0,0,0,0,0,0,0,0,0,0,0,0,0,0,0,0,0,0,0,0,0,0,0,0,0,0,0,0,0,0,0,0,0,0,0,0,0,0,0,0,0,0,0,0,0,0,0,0,0,0,0,0,0,0,0,0,0,0,0,0,0,0,0,0,0,0,0,0,0,0,0,0,0,0,0,0,0,0,0,0,0,0,0,0,0,0,0,0,0,0,0,0,0,0,0,0,0,0,0,0,0,0,0,0,0,0,0,0,0,0,0,0,0,0,0,0,0,0,0,0,0,0,0,0,0,0,0,0,0,0,0,0,0,0,0,0,0,0,0,0,0,0,0,0,0,0,0,0,0,196,560,585,24,37,147,23,0,0,0,0,0,0,0,0,0,0,0,0,0,0,0,0,0,0,0,0,0,0,0,0,0,0,0,0,0,0,0,0,0,0,0,0,0,0,0,0,0,0,0,0,0,0,0,0,0,0,0,0,0,0,0,0,0,0,0,0,0,0,0,0,0,0,0,0
34,SIBIU,RACOVIŢA,145355,1,FINAL,UAT,P,P_CE,"2020-09-28 07:13:27",2412,2343,1,39,29,1598,1529,1,39,29,1511,87,2600,1002,0,0,0,0,0,0,0,0,0,0,0,0,0,0,0,0,0,0,0,0,0,0,0,0,0,0,0,0,0,0,0,0,0,0,0,0,0,0,0,0,0,0,0,0,0,0,0,0,0,0,0,0,0,0,0,0,0,0,0,0,0,0,0,0,0,0,0,0,0,0,0,0,0,0,0,0,0,0,0,0,0,0,0,0,0,0,0,0,0,0,0,0,0,0,0,0,0,0,0,0,0,0,0,0,0,0,0,0,0,0,0,0,0,0,0,0,0,0,0,0,0,0,0,0,0,0,0,0,0,0,0,0,0,0,0,0,0,0,0,0,0,0,0,0,0,0,0,0,0,0,0,0,0,0,0,0,0,0,0,0,0,0,0,0,0,0,0,0,0,0,0,0,0,0,0,0,0,0,0,0,0,0,0,0,0,0,0,0,0,0,0,0,0,0,0,0,0,0,0,0,0,571,540,400,0,0,0,0,0,0,0,0,0,0,0,0,0,0,0,0,0,0,0,0,0,0,0,0,0,0,0,0,0,0,0,0,0,0,0,0,0,0,0,0,0,0,0,0,0,0,0,0,0,0,0,0,0,0,0,0,0,0,0,0,0,0,0,0,0
34,SIBIU,RĂŞINARI,143520,1,FINAL,UAT,P,P_CE,"2020-09-28 07:45:27",4445,4417,5,18,5,1853,1830,0,18,5,1808,45,4900,3047,0,0,0,0,0,0,0,0,0,0,0,0,0,0,0,0,0,0,0,0,0,0,0,0,0,0,0,0,0,0,0,0,0,0,0,0,0,0,0,0,0,0,0,0,0,0,0,0,0,0,0,0,0,0,0,0,0,0,0,0,0,0,0,0,0,0,0,0,0,0,0,0,0,0,0,0,0,0,0,0,0,0,0,0,0,0,0,0,0,0,0,0,0,0,0,0,0,0,0,0,0,0,0,0,0,0,0,0,0,0,0,0,0,0,0,0,0,0,0,0,0,0,0,0,0,0,0,0,0,0,0,0,0,0,0,0,0,0,0,0,0,0,0,0,0,0,0,0,0,0,0,0,0,0,0,0,0,0,0,0,0,0,0,0,0,0,0,0,0,0,0,0,0,0,0,0,0,0,0,0,0,0,0,0,0,0,0,0,0,0,0,0,0,0,0,0,0,0,0,0,0,0,0,0,1355,273,180,0,0,0,0,0,0,0,0,0,0,0,0,0,0,0,0,0,0,0,0,0,0,0,0,0,0,0,0,0,0,0,0,0,0,0,0,0,0,0,0,0,0,0,0,0,0,0,0,0,0,0,0,0,0,0,0,0,0,0,0,0,0
34,SIBIU,"RÂU SADULUI",145382,1,FINAL,UAT,P,P_CE,"2020-09-28 05:26:22",494,455,0,30,9,404,365,0,30,9,385,19,503,99,0,0,0,0,0,0,0,0,0,0,0,0,0,0,0,0,0,0,0,0,0,0,0,0,0,0,0,0,0,0,0,0,0,0,0,0,0,0,0,0,0,0,0,0,0,0,0,0,0,0,0,0,0,0,0,0,0,0,0,0,0,0,0,0,0,0,0,0,0,0,0,0,0,0,0,0,0,0,0,0,0,0,0,0,0,0,0,0,0,0,0,0,0,0,0,0,0,0,0,0,0,0,0,0,0,0,0,0,0,0,0,0,0,0,0,0,0,0,0,0,0,0,0,0,0,0,0,0,0,0,0,0,0,0,0,0,0,0,0,0,0,0,0,0,0,0,0,0,0,0,0,0,0,0,0,0,0,0,0,0,0,0,0,0,0,0,0,0,0,0,0,0,0,0,0,0,0,0,0,0,0,0,0,0,0,0,0,0,0,0,0,0,0,0,0,0,0,0,0,0,0,0,0,0,0,0,0,67,74,191,53,0,0,0,0,0,0,0,0,0,0,0,0,0,0,0,0,0,0,0,0,0,0,0,0,0,0,0,0,0,0,0,0,0,0,0,0,0,0,0,0,0,0,0,0,0,0,0,0,0,0,0,0,0,0,0,0,0,0
34,SIBIU,ROŞIA,145408,1,FINAL,UAT,P,P_CE,"2020-09-28 16:01:04",4447,4364,13,47,23,2754,2683,1,47,23,2551,203,4800,2046,0,0,0,0,0,0,0,0,0,0,0,0,0,0,0,0,0,0,0,0,0,0,0,0,0,0,0,0,0,0,0,0,0,0,0,0,0,0,0,0,0,0,0,0,0,0,0,0,0,0,0,0,0,0,0,0,0,0,0,0,0,0,0,0,0,0,0,0,0,0,0,0,0,0,0,0,0,0,0,0,0,0,0,0,0,0,0,0,0,0,0,0,0,0,0,0,0,0,0,0,0,0,0,0,0,0,0,0,0,0,0,0,0,0,0,0,0,0,0,0,0,0,0,0,0,0,0,0,0,0,0,0,0,0,0,0,0,0,0,0,0,0,0,0,0,0,0,0,0,0,0,0,0,0,0,0,0,0,0,0,0,0,0,0,0,0,0,0,0,0,0,0,0,0,0,0,0,0,0,0,0,0,0,0,0,0,0,0,0,0,0,0,0,0,0,0,0,0,0,0,0,0,0,0,0,0,0,0,0,0,0,314,1770,330,60,10,67,0,0,0,0,0,0,0,0,0,0,0,0,0,0,0,0,0,0,0,0,0,0,0,0,0,0,0,0,0,0,0,0,0,0,0,0,0,0,0,0,0,0,0,0,0,0,0,0,0,0,0,0
34,SIBIU,SADU,145471,1,FINAL,UAT,P,P_CE,"2020-09-28 07:02:33",2143,2089,8,20,26,1551,1504,1,20,26,1508,43,2300,749,0,0,0,0,0,0,0,0,0,0,0,0,0,0,0,0,0,0,0,0,0,0,0,0,0,0,0,0,0,0,0,0,0,0,0,0,0,0,0,0,0,0,0,0,0,0,0,0,0,0,0,0,0,0,0,0,0,0,0,0,0,0,0,0,0,0,0,0,0,0,0,0,0,0,0,0,0,0,0,0,0,0,0,0,0,0,0,0,0,0,0,0,0,0,0,0,0,0,0,0,0,0,0,0,0,0,0,0,0,0,0,0,0,0,0,0,0,0,0,0,0,0,0,0,0,0,0,0,0,0,0,0,0,0,0,0,0,0,0,0,0,0,0,0,0,0,0,0,0,0,0,0,0,0,0,0,0,0,0,0,0,0,0,0,0,0,0,0,0,0,0,0,0,0,0,0,0,0,0,0,0,0,0,0,0,0,0,0,0,0,0,0,0,0,0,0,0,0,0,0,0,0,0,0,0,0,0,0,0,0,0,0,0,0,0,0,0,50,973,485,0,0,0,0,0,0,0,0,0,0,0,0,0,0,0,0,0,0,0,0,0,0,0,0,0,0,0,0,0,0,0,0,0,0,0,0,0,0,0,0,0,0,0,0,0,0,0,0,0
34,SIBIU,"ŞEICA MARE",145667,1,FINAL,UAT,P,P_CE,"2020-09-28 09:53:35",3742,3633,2,65,42,1853,1746,0,65,42,1805,48,4105,2252,0,0,0,0,0,0,0,0,0,0,0,0,0,0,0,0,0,0,0,0,0,0,0,0,0,0,0,0,0,0,0,0,0,0,0,0,0,0,0,0,0,0,0,0,0,0,0,0,0,0,0,0,0,0,0,0,0,0,0,0,0,0,0,0,0,0,0,0,0,0,0,0,0,0,0,0,0,0,0,0,0,0,0,0,0,0,0,0,0,0,0,0,0,0,0,0,0,0,0,0,0,0,0,0,0,0,0,0,0,0,0,0,0,0,0,0,0,0,0,0,0,0,0,0,0,0,0,0,0,0,0,0,0,0,0,0,0,0,0,0,0,0,0,0,0,0,0,0,0,0,0,0,0,0,0,0,0,0,0,0,0,0,0,0,0,0,0,0,0,0,0,0,0,0,0,0,0,0,0,0,0,0,0,0,0,0,0,0,0,0,0,0,0,0,0,0,0,0,0,0,0,0,0,0,0,0,0,0,0,0,0,0,0,0,0,0,0,0,0,0,829,109,97,524,130,116,0,0,0,0,0,0,0,0,0,0,0,0,0,0,0,0,0,0,0,0,0,0,0,0,0,0,0,0,0,0,0,0,0,0,0,0,0,0,0,0,0,0,0
34,SIBIU,"ŞEICA MICĂ",145738,1,FINAL,UAT,P,P_CE,"2020-09-28 01:45:53",1493,1445,3,9,36,621,576,0,9,36,585,36,1602,981,0,0,0,0,0,0,0,0,0,0,0,0,0,0,0,0,0,0,0,0,0,0,0,0,0,0,0,0,0,0,0,0,0,0,0,0,0,0,0,0,0,0,0,0,0,0,0,0,0,0,0,0,0,0,0,0,0,0,0,0,0,0,0,0,0,0,0,0,0,0,0,0,0,0,0,0,0,0,0,0,0,0,0,0,0,0,0,0,0,0,0,0,0,0,0,0,0,0,0,0,0,0,0,0,0,0,0,0,0,0,0,0,0,0,0,0,0,0,0,0,0,0,0,0,0,0,0,0,0,0,0,0,0,0,0,0,0,0,0,0,0,0,0,0,0,0,0,0,0,0,0,0,0,0,0,0,0,0,0,0,0,0,0,0,0,0,0,0,0,0,0,0,0,0,0,0,0,0,0,0,0,0,0,0,0,0,0,0,0,0,0,0,0,0,0,0,0,0,0,0,0,0,0,0,0,0,0,0,0,0,0,0,0,0,0,0,0,0,0,0,0,0,0,0,0,0,585,0,0,0,0,0,0,0,0,0,0,0,0,0,0,0,0,0,0,0,0,0,0,0,0,0,0,0,0,0,0,0,0,0,0,0,0,0,0,0,0,0,0
34,SIBIU,ŞELIMBĂR,143557,1,FINAL,UAT,P,P_CE,"2020-09-29 19:32:54",11405,11163,104,123,15,5239,5098,3,123,15,5130,108,12100,6862,0,0,0,0,0,0,0,0,0,0,0,0,0,0,0,0,0,0,0,0,2518,0,0,0,0,0,0,0,0,0,0,0,0,0,0,0,0,0,0,0,0,0,0,0,0,0,0,0,0,0,0,0,0,0,0,0,0,0,0,0,0,0,0,0,0,0,0,0,0,0,0,0,0,0,0,0,0,0,0,0,0,0,0,0,0,0,0,0,0,0,0,0,0,0,0,0,0,0,0,0,0,0,0,0,0,0,0,0,0,0,0,0,0,0,0,0,0,0,0,0,0,0,0,0,0,0,0,0,0,0,0,0,0,0,0,0,0,0,0,0,0,0,0,0,0,0,0,0,0,0,0,0,0,0,0,0,0,0,0,0,0,0,0,0,0,0,0,0,0,0,0,0,0,0,0,0,0,0,0,0,0,0,0,0,0,0,0,0,0,0,0,0,0,0,0,0,0,0,0,0,0,0,0,0,0,0,0,0,0,0,0,0,0,0,0,0,0,0,0,0,0,0,0,0,0,0,0,480,174,111,141,46,1660,0,0,0,0,0,0,0,0,0,0,0,0,0,0,0,0,0,0,0,0,0,0,0,0,0,0,0,0,0,0,0,0,0,0,0,0
34,SIBIU,SLIMNIC,145603,1,FINAL,UAT,P,P_CE,"2020-09-28 07:33:45",3280,3198,10,40,32,1836,1765,1,40,30,1741,95,3600,1764,0,0,0,0,0,0,0,0,0,0,0,0,0,0,0,0,0,0,0,0,0,0,0,0,0,0,0,0,0,0,0,0,0,0,0,0,0,0,0,0,0,0,0,0,0,0,0,0,0,0,0,0,0,0,0,0,0,0,0,0,0,0,0,0,0,0,0,0,0,0,0,0,0,0,0,0,0,0,0,0,0,0,0,0,0,0,0,0,0,0,0,0,0,0,0,0,0,0,0,0,0,0,0,0,0,0,0,0,0,0,0,0,0,0,0,0,0,0,0,0,0,0,0,0,0,0,0,0,0,0,0,0,0,0,0,0,0,0,0,0,0,0,0,0,0,0,0,0,0,0,0,0,0,0,0,0,0,0,0,0,0,0,0,0,0,0,0,0,0,0,0,0,0,0,0,0,0,0,0,0,0,0,0,0,0,0,0,0,0,0,0,0,0,0,0,0,0,0,0,0,0,0,0,0,0,0,0,0,0,0,0,0,0,0,0,0,0,0,0,0,0,0,0,0,0,0,0,0,0,0,0,0,0,338,277,107,576,72,133,186,52,0,0,0,0,0,0,0,0,0,0,0,0,0,0,0,0,0,0,0,0,0,0,0,0,0,0,0,0
34,SIBIU,"ŞURA MARE",145765,1,FINAL,UAT,P,P_CE,"2020-09-28 05:45:43",3909,3866,8,22,13,2043,2005,3,22,13,1993,50,4300,2257,0,0,0,0,0,0,0,0,0,0,0,0,0,0,0,0,0,0,0,0,0,0,0,0,0,0,0,0,0,0,0,0,0,0,0,0,0,0,0,0,0,0,0,0,0,0,0,0,0,0,0,0,0,0,0,0,0,0,0,0,0,0,0,0,0,0,0,0,0,0,0,0,0,0,0,0,0,0,0,0,0,0,0,0,0,0,0,0,0,0,0,0,0,0,0,0,0,0,0,0,0,0,0,0,0,0,0,0,0,0,0,0,0,0,0,0,0,0,0,0,0,0,0,0,0,0,0,0,0,0,0,0,0,0,0,0,0,0,0,0,0,0,0,0,0,0,0,0,0,0,0,0,0,0,0,0,0,0,0,0,0,0,0,0,0,0,0,0,0,0,0,0,0,0,0,0,0,0,0,0,0,0,0,0,0,0,0,0,0,0,0,0,0,0,0,0,0,0,0,0,0,0,0,0,0,0,0,0,0,0,0,0,0,0,0,0,0,0,0,0,0,0,0,0,0,0,0,0,0,0,0,0,0,0,0,0,0,0,0,0,0,57,925,23,779,180,29,0,0,0,0,0,0,0,0,0,0,0,0,0,0,0,0,0,0,0,0,0,0
34,SIBIU,"ŞURA MICĂ",145792,1,FINAL,UAT,P,P_CE,"2020-09-28 06:08:23",2720,2659,24,32,5,1545,1507,1,32,5,1479,66,2900,1353,0,0,0,0,0,0,0,0,0,0,0,0,0,0,0,0,0,0,0,0,0,0,0,0,0,0,0,0,0,0,0,0,0,0,0,0,0,0,0,0,0,0,0,0,0,0,0,0,0,0,0,0,0,0,0,0,0,0,0,0,0,0,0,0,0,0,0,0,0,0,0,0,0,0,0,0,0,0,0,0,0,0,0,0,0,0,0,0,0,0,0,0,0,0,0,0,0,0,0,0,0,0,0,0,0,0,0,0,0,0,0,0,0,0,0,0,0,0,0,0,0,0,0,0,0,0,0,0,0,0,0,0,0,0,0,0,0,0,0,0,0,0,0,0,0,0,0,0,0,0,0,0,0,0,0,0,0,0,0,0,0,0,0,0,0,0,0,0,0,0,0,0,0,0,0,0,0,0,0,0,0,0,0,0,0,0,0,0,0,0,0,0,0,0,0,0,0,0,0,0,0,0,0,0,0,0,0,0,0,0,0,0,0,0,0,0,0,0,0,0,0,0,0,0,0,0,0,0,0,0,0,0,0,0,0,0,0,0,0,0,0,0,0,0,0,0,0,400,1019,60,0,0,0,0,0,0,0,0,0,0,0,0,0,0,0,0,0,0,0
34,SIBIU,TÂRNAVA,143646,1,FINAL,UAT,P,P_CE,"2020-09-28 08:22:31",2541,2498,0,26,17,1379,1336,0,26,17,1306,73,2806,1422,0,0,0,0,0,0,0,0,0,0,0,0,0,0,0,0,0,0,0,0,0,0,0,0,0,0,0,0,0,0,0,0,0,0,0,0,0,0,0,0,0,0,0,0,0,0,0,0,0,0,0,0,0,0,0,0,0,0,0,0,0,0,0,0,0,0,0,0,0,0,0,0,0,0,0,0,0,0,0,0,0,0,0,0,0,0,0,0,0,0,0,0,0,0,0,0,0,0,0,0,0,0,0,0,0,0,0,0,0,0,0,0,0,0,0,0,0,0,0,0,0,0,0,0,0,0,0,0,0,0,0,0,0,0,0,0,0,0,0,0,0,0,0,0,0,0,0,0,0,0,0,0,0,0,0,0,0,0,0,0,0,0,0,0,0,0,0,0,0,0,0,0,0,0,0,0,0,0,0,0,0,0,0,0,0,0,0,0,0,0,0,0,0,0,0,0,0,0,0,0,0,0,0,0,0,0,0,0,0,0,0,0,0,0,0,0,0,0,0,0,0,0,0,0,0,0,0,0,0,0,0,0,0,0,0,0,0,0,0,0,0,0,0,0,0,0,0,0,0,0,22,253,542,213,276,0,0,0,0,0,0,0,0,0,0,0,0,0,0
34,SIBIU,TILIŞCA,145907,1,FINAL,UAT,P,P_CE,"2020-09-28 05:07:31",1192,1151,1,25,15,804,764,0,25,15,776,28,1300,496,0,0,0,0,0,0,0,0,0,0,0,0,0,0,0,0,0,0,0,0,0,0,0,0,0,0,0,0,0,0,0,0,0,0,0,0,0,0,0,0,0,0,0,0,0,0,0,0,0,0,0,0,0,0,0,0,0,0,0,0,0,0,0,0,0,0,0,0,0,0,0,0,0,0,0,0,0,0,0,0,0,0,0,0,0,0,0,0,0,0,0,0,0,0,0,0,0,0,0,0,0,0,0,0,0,0,0,0,0,0,0,0,0,0,0,0,0,0,0,0,0,0,0,0,0,0,0,0,0,0,0,0,0,0,0,0,0,0,0,0,0,0,0,0,0,0,0,0,0,0,0,0,0,0,0,0,0,0,0,0,0,0,0,0,0,0,0,0,0,0,0,0,0,0,0,0,0,0,0,0,0,0,0,0,0,0,0,0,0,0,0,0,0,0,0,0,0,0,0,0,0,0,0,0,0,0,0,0,0,0,0,0,0,0,0,0,0,0,0,0,0,0,0,0,0,0,0,0,0,0,0,0,0,0,0,0,0,0,0,0,0,0,0,0,0,0,0,0,0,0,0,0,0,0,0,159,105,512,0,0,0,0,0,0,0,0,0,0,0
34,SIBIU,"TURNU ROŞU",145934,1,FINAL,UAT,P,P_CE,"2020-09-28 07:31:41",2031,1940,2,88,1,1345,1256,0,88,1,1310,35,2100,755,0,0,0,0,0,0,0,0,0,0,0,0,0,0,0,0,0,0,0,0,0,0,0,0,0,0,0,0,0,0,0,0,0,0,0,0,0,0,0,0,0,0,0,0,0,0,0,0,0,0,0,0,0,0,0,0,0,0,0,0,0,0,0,0,0,0,0,0,0,0,0,0,0,0,0,0,0,0,0,0,0,0,0,0,0,0,0,0,0,0,0,0,0,0,0,0,0,0,0,0,0,0,0,0,0,0,0,0,0,0,0,0,0,0,0,0,0,0,0,0,0,0,0,0,0,0,0,0,0,0,0,0,0,0,0,0,0,0,0,0,0,0,0,0,0,0,0,0,0,0,0,0,0,0,0,0,0,0,0,0,0,0,0,0,0,0,0,0,0,0,0,0,0,0,0,0,0,0,0,0,0,0,0,0,0,0,0,0,0,0,0,0,0,0,0,0,0,0,0,0,0,0,0,0,0,0,0,0,0,0,0,0,0,0,0,0,0,0,0,0,0,0,0,0,0,0,0,0,0,0,0,0,0,0,0,0,0,0,0,0,0,0,0,0,0,0,0,0,0,0,0,0,0,0,0,0,0,0,28,661,139,482,0,0,0,0,0,0,0
34,SIBIU,"VALEA VIILOR",145961,1,FINAL,UAT,P,P_CE,"2020-09-28 06:09:50",1845,1764,2,12,67,928,848,1,12,67,894,34,2000,1072,0,0,0,0,0,0,0,0,0,0,0,0,0,0,0,0,0,0,0,0,0,0,0,0,0,0,0,0,0,0,0,0,0,0,0,0,0,0,0,0,0,0,0,0,0,0,0,0,0,0,0,0,0,0,0,0,0,0,0,0,0,0,0,0,0,0,0,0,0,0,0,0,0,0,0,0,0,0,0,0,0,0,0,0,0,0,0,0,0,0,0,0,0,0,0,0,0,0,0,0,0,0,0,0,0,0,0,0,0,0,0,0,0,0,0,0,0,0,0,0,0,0,0,0,0,0,0,0,0,0,0,0,0,0,0,0,0,0,0,0,0,0,0,0,0,0,0,0,0,0,0,0,0,0,0,0,0,0,0,0,0,0,0,0,0,0,0,0,0,0,0,0,0,0,0,0,0,0,0,0,0,0,0,0,0,0,0,0,0,0,0,0,0,0,0,0,0,0,0,0,0,0,0,0,0,0,0,0,0,0,0,0,0,0,0,0,0,0,0,0,0,0,0,0,0,0,0,0,0,0,0,0,0,0,0,0,0,0,0,0,0,0,0,0,0,0,0,0,0,0,0,0,0,0,0,0,0,0,0,0,0,0,282,575,37,0,0,0,0
34,SIBIU,VURPĂR,145998,1,FINAL,UAT,P,P_CE,"2020-09-28 09:58:32",2097,2085,1,7,4,998,987,0,7,4,945,53,2306,1308,0,0,0,0,0,0,0,0,0,0,0,0,0,0,0,0,0,0,0,0,0,0,0,0,0,0,0,0,0,0,0,0,0,0,0,0,0,0,0,0,0,0,0,0,0,0,0,0,0,0,0,0,0,0,0,0,0,0,0,0,0,0,0,0,0,0,0,0,0,0,0,0,0,0,0,0,0,0,0,0,0,0,0,0,0,0,0,0,0,0,0,0,0,0,0,0,0,0,0,0,0,0,0,0,0,0,0,0,0,0,0,0,0,0,0,0,0,0,0,0,0,0,0,0,0,0,0,0,0,0,0,0,0,0,0,0,0,0,0,0,0,0,0,0,0,0,0,0,0,0,0,0,0,0,0,0,0,0,0,0,0,0,0,0,0,0,0,0,0,0,0,0,0,0,0,0,0,0,0,0,0,0,0,0,0,0,0,0,0,0,0,0,0,0,0,0,0,0,0,0,0,0,0,0,0,0,0,0,0,0,0,0,0,0,0,0,0,0,0,0,0,0,0,0,0,0,0,0,0,0,0,0,0,0,0,0,0,0,0,0,0,0,0,0,0,0,0,0,0,0,0,0,0,0,0,0,0,0,0,0,0,0,0,0,0,90,222,465,168
